37 runs, 4 parallel jobs
[shaped-b1_s1] upd 20/488 steps 40960 R   -830.4 prod   24.6 traf  175.8 evid    5.4 crit    0.0 lam 0.00,0.00,0.00,0.00 (59s)
[ppo_s1] upd 20/488 steps 40960 R    -33.3 prod  618.4 traf 1471.9 evid   13.7 crit   93.8 lam 0.00,0.00,0.00,0.00 (59s)
[shield_s1] upd 20/488 steps 40960 R    -83.1 prod  280.9 traf 1010.7 evid    0.1 crit    0.0 lam 0.00,0.00,0.00,0.00 (61s)
[lag_s1] upd 20/488 steps 40960 R   -257.0 prod   75.2 traf  480.3 evid   18.1 crit    1.7 lam 1.00,1.00,1.00,1.00 (63s)
[shaped-b1_s1] upd 40/488 steps 81920 R   -366.1 prod    2.5 traf  200.1 evid    0.4 crit    0.2 lam 0.00,0.00,0.00,0.00 (121s)
[ppo_s1] upd 40/488 steps 81920 R     -6.0 prod  527.2 traf 1371.0 evid    7.5 crit   62.1 lam 0.00,0.00,0.00,0.00 (121s)
[shield_s1] upd 40/488 steps 81920 R    -56.5 prod  270.2 traf 1033.1 evid    0.0 crit    0.0 lam 0.00,0.00,0.00,0.00 (124s)
[lag_s1] upd 40/488 steps 81920 R   -275.0 prod    2.1 traf  185.8 evid    2.4 crit    0.0 lam 1.38,2.00,2.00,1.37 (128s)
[shaped-b1_s1] upd 60/488 steps 122880 R   -315.3 prod    0.7 traf  189.5 evid    0.2 crit    0.0 lam 0.00,0.00,0.00,0.00 (180s)
[ppo_s1] upd 60/488 steps 122880 R     -2.8 prod  519.1 traf 1295.7 evid    5.5 crit   51.5 lam 0.00,0.00,0.00,0.00 (181s)
[shield_s1] upd 60/488 steps 122880 R    -45.5 prod   35.1 traf  762.8 evid    0.1 crit    0.0 lam 0.00,0.00,0.00,0.00 (182s)
[lag_s1] upd 60/488 steps 122880 R   -130.4 prod    9.4 traf  123.7 evid   10.1 crit    0.0 lam 1.12,3.00,3.00,1.40 (196s)
[shaped-b1_s1] upd 80/488 steps 163840 R   -310.0 prod    0.5 traf  184.0 evid    0.4 crit    0.0 lam 0.00,0.00,0.00,0.00 (242s)
[ppo_s1] upd 80/488 steps 163840 R     -3.5 prod  657.5 traf 1398.3 evid    5.6 crit   75.7 lam 0.00,0.00,0.00,0.00 (244s)
[shield_s1] upd 80/488 steps 163840 R    -15.4 prod   53.4 traf  575.8 evid    0.2 crit    0.0 lam 0.00,0.00,0.00,0.00 (245s)
[lag_s1] upd 80/488 steps 163840 R    -35.7 prod   11.3 traf   49.5 evid    7.9 crit    0.0 lam 1.19,3.42,4.00,1.41 (261s)
[ppo_s1] upd 100/488 steps 204800 R     -2.6 prod  600.4 traf 1362.9 evid    7.8 crit   57.7 lam 0.00,0.00,0.00,0.00 (301s)
[shaped-b1_s1] upd 100/488 steps 204800 R    -73.1 prod    3.4 traf   62.7 evid    4.6 crit    0.0 lam 0.00,0.00,0.00,0.00 (302s)
[shield_s1] upd 100/488 steps 204800 R     -2.9 prod  115.6 traf  705.1 evid    0.6 crit    0.0 lam 0.00,0.00,0.00,0.00 (303s)
[lag_s1] upd 100/488 steps 204800 R    -22.7 prod    4.4 traf   23.5 evid    4.8 crit    0.0 lam 0.92,3.22,5.00,1.42 (324s)
[ppo_s1] upd 120/488 steps 245760 R     -0.6 prod  659.3 traf 1368.8 evid    3.6 crit   66.0 lam 0.00,0.00,0.00,0.00 (360s)
[shaped-b1_s1] upd 120/488 steps 245760 R     -6.8 prod    1.6 traf   17.9 evid    2.9 crit    0.0 lam 0.00,0.00,0.00,0.00 (361s)
[shield_s1] upd 120/488 steps 245760 R     -1.2 prod  108.1 traf  710.2 evid    0.4 crit    0.0 lam 0.00,0.00,0.00,0.00 (364s)
[lag_s1] upd 120/488 steps 245760 R    -16.9 prod    3.9 traf   19.1 evid    3.1 crit    0.0 lam 0.48,2.85,6.00,1.43 (385s)
[ppo_s1] upd 140/488 steps 286720 R     -1.1 prod  733.5 traf 1421.0 evid    2.5 crit   83.9 lam 0.00,0.00,0.00,0.00 (419s)
[shaped-b1_s1] upd 140/488 steps 286720 R    -40.7 prod    7.8 traf   46.0 evid    3.6 crit    0.0 lam 0.00,0.00,0.00,0.00 (419s)
[shield_s1] upd 140/488 steps 286720 R     -2.1 prod   54.3 traf  655.0 evid    0.3 crit    0.0 lam 0.00,0.00,0.00,0.00 (423s)
[lag_s1] upd 140/488 steps 286720 R    -31.9 prod    6.5 traf   28.2 evid    3.6 crit    0.0 lam 0.01,2.42,7.00,1.45 (444s)
[ppo_s1] upd 160/488 steps 327680 R     -1.6 prod  703.4 traf 1383.9 evid    2.8 crit   79.2 lam 0.00,0.00,0.00,0.00 (475s)
[shaped-b1_s1] upd 160/488 steps 327680 R    -40.5 prod    8.1 traf   37.7 evid    4.8 crit    0.0 lam 0.00,0.00,0.00,0.00 (477s)
[shield_s1] upd 160/488 steps 327680 R     -1.9 prod   50.4 traf  668.8 evid    0.1 crit    0.0 lam 0.00,0.00,0.00,0.00 (482s)
[lag_s1] upd 160/488 steps 327680 R    -40.3 prod    5.8 traf   28.0 evid    3.9 crit    0.0 lam 0.00,1.93,8.00,1.46 (506s)
[ppo_s1] upd 180/488 steps 368640 R     -1.1 prod  690.2 traf 1370.8 evid    2.7 crit   75.6 lam 0.00,0.00,0.00,0.00 (532s)
[shaped-b1_s1] upd 180/488 steps 368640 R    -68.0 prod   11.7 traf   48.6 evid    4.1 crit    0.0 lam 0.00,0.00,0.00,0.00 (536s)
[shield_s1] upd 180/488 steps 368640 R     -1.5 prod   55.2 traf  653.9 evid    0.1 crit    0.0 lam 0.00,0.00,0.00,0.00 (539s)
[lag_s1] upd 180/488 steps 368640 R    -67.6 prod    9.0 traf   38.9 evid    4.1 crit    0.0 lam 0.00,1.43,9.00,1.48 (570s)
[ppo_s1] upd 200/488 steps 409600 R     -0.7 prod  631.7 traf 1341.3 evid    1.6 crit   61.9 lam 0.00,0.00,0.00,0.00 (592s)
[shaped-b1_s1] upd 200/488 steps 409600 R    -40.6 prod    6.7 traf   48.3 evid    3.5 crit    0.0 lam 0.00,0.00,0.00,0.00 (596s)
[shield_s1] upd 200/488 steps 409600 R     -1.1 prod   46.0 traf  658.5 evid    0.0 crit    0.0 lam 0.00,0.00,0.00,0.00 (600s)
[lag_s1] upd 200/488 steps 409600 R    -55.9 prod    9.7 traf   57.8 evid    3.7 crit    0.1 lam 0.00,1.05,10.00,1.52 (637s)
[ppo_s1] upd 220/488 steps 450560 R     -0.5 prod  462.8 traf 1166.3 evid    1.6 crit   13.6 lam 0.00,0.00,0.00,0.00 (652s)
[shaped-b1_s1] upd 220/488 steps 450560 R    -24.9 prod    2.7 traf   13.6 evid    2.7 crit    0.0 lam 0.00,0.00,0.00,0.00 (655s)
[shield_s1] upd 220/488 steps 450560 R     -1.1 prod   46.2 traf  664.1 evid    0.0 crit    0.0 lam 0.00,0.00,0.00,0.00 (660s)
[lag_s1] upd 220/488 steps 450560 R    -20.6 prod    2.6 traf   14.7 evid    3.2 crit    0.0 lam 0.01,1.03,11.00,1.67 (702s)
[ppo_s1] upd 240/488 steps 491520 R     -0.8 prod  591.2 traf 1287.5 evid    1.9 crit   43.0 lam 0.00,0.00,0.00,0.00 (709s)
[shaped-b1_s1] upd 240/488 steps 491520 R    -24.2 prod    2.9 traf   16.2 evid    3.1 crit    0.0 lam 0.00,0.00,0.00,0.00 (714s)
[shield_s1] upd 240/488 steps 491520 R     -1.1 prod   46.7 traf  670.6 evid    0.0 crit    0.0 lam 0.00,0.00,0.00,0.00 (720s)
[lag_s1] upd 240/488 steps 491520 R    -24.9 prod    3.4 traf   19.0 evid    3.5 crit    0.0 lam 0.00,0.65,12.00,1.68 (765s)
[ppo_s1] upd 260/488 steps 532480 R     -0.8 prod  484.4 traf 1211.4 evid    2.6 crit    8.9 lam 0.00,0.00,0.00,0.00 (765s)
[shaped-b1_s1] upd 260/488 steps 532480 R    -43.7 prod    6.2 traf   28.2 evid    2.8 crit    0.0 lam 0.00,0.00,0.00,0.00 (770s)
[shield_s1] upd 260/488 steps 532480 R     -1.0 prod   47.9 traf  677.7 evid    0.0 crit    0.0 lam 0.00,0.00,0.00,0.00 (778s)
[ppo_s1] upd 280/488 steps 573440 R     -1.0 prod  517.4 traf 1279.1 evid    2.9 crit   10.6 lam 0.00,0.00,0.00,0.00 (821s)
[shaped-b1_s1] upd 280/488 steps 573440 R    -29.2 prod    6.1 traf   29.2 evid    3.9 crit    0.0 lam 0.00,0.00,0.00,0.00 (828s)
[lag_s1] upd 260/488 steps 532480 R    -59.6 prod   10.0 traf   44.7 evid    2.8 crit    0.0 lam 0.01,0.48,13.00,1.73 (830s)
[shield_s1] upd 280/488 steps 573440 R     -1.3 prod   46.5 traf  676.8 evid    0.0 crit    0.0 lam 0.00,0.00,0.00,0.00 (836s)
[ppo_s1] upd 300/488 steps 614400 R     -0.7 prod  436.8 traf 1141.1 evid    2.4 crit    4.6 lam 0.00,0.00,0.00,0.00 (879s)
[shaped-b1_s1] upd 300/488 steps 614400 R    -45.2 prod    5.5 traf   25.4 evid    3.0 crit    0.0 lam 0.00,0.00,0.00,0.00 (887s)
[lag_s1] upd 280/488 steps 573440 R    -55.2 prod    9.4 traf   67.7 evid    2.5 crit    0.0 lam 0.00,0.33,14.00,1.75 (893s)
[shield_s1] upd 300/488 steps 614400 R     -1.0 prod   47.9 traf  691.8 evid    0.0 crit    0.0 lam 0.00,0.00,0.00,0.00 (895s)
[ppo_s1] upd 320/488 steps 655360 R     -0.9 prod  196.3 traf  880.6 evid    2.2 crit    4.0 lam 0.00,0.00,0.00,0.00 (935s)
[shaped-b1_s1] upd 320/488 steps 655360 R    -42.1 prod    6.8 traf   30.6 evid    3.2 crit    0.0 lam 0.00,0.00,0.00,0.00 (944s)
[shield_s1] upd 320/488 steps 655360 R     -1.4 prod   47.2 traf  680.6 evid    0.0 crit    0.0 lam 0.00,0.00,0.00,0.00 (951s)
[lag_s1] upd 300/488 steps 614400 R    -58.4 prod    8.6 traf   61.0 evid    1.8 crit    0.0 lam 0.00,0.31,15.00,1.78 (954s)
[ppo_s1] upd 340/488 steps 696320 R     -0.5 prod   68.7 traf  690.0 evid    1.9 crit    0.1 lam 0.00,0.00,0.00,0.00 (990s)
[shaped-b1_s1] upd 340/488 steps 696320 R    -55.5 prod    4.4 traf   32.2 evid    2.6 crit    0.0 lam 0.00,0.00,0.00,0.00 (999s)
[shield_s1] upd 340/488 steps 696320 R     -0.8 prod   50.8 traf  691.3 evid    0.0 crit    0.0 lam 0.00,0.00,0.00,0.00 (1007s)
[lag_s1] upd 320/488 steps 655360 R    -66.4 prod    9.0 traf   41.5 evid    0.9 crit    0.0 lam 0.00,0.38,15.99,1.78 (1013s)
[ppo_s1] upd 360/488 steps 737280 R     -3.2 prod   50.8 traf  588.6 evid    6.2 crit    0.0 lam 0.00,0.00,0.00,0.00 (1045s)
[shaped-b1_s1] upd 360/488 steps 737280 R    -41.7 prod    4.6 traf   20.7 evid    2.9 crit    0.0 lam 0.00,0.00,0.00,0.00 (1053s)
[shield_s1] upd 360/488 steps 737280 R     -0.8 prod   48.4 traf  684.4 evid    0.0 crit    0.0 lam 0.00,0.00,0.00,0.00 (1061s)
[lag_s1] upd 340/488 steps 696320 R    -40.8 prod    6.4 traf   32.4 evid    0.7 crit    0.0 lam 0.00,0.18,16.89,1.80 (1069s)
[ppo_s1] upd 380/488 steps 778240 R     -1.9 prod   46.1 traf  650.7 evid    9.3 crit    0.0 lam 0.00,0.00,0.00,0.00 (1099s)
[shaped-b1_s1] upd 380/488 steps 778240 R    -38.7 prod    5.3 traf   25.3 evid    3.6 crit    0.0 lam 0.00,0.00,0.00,0.00 (1108s)
[shield_s1] upd 380/488 steps 778240 R     -0.9 prod   62.1 traf  701.3 evid    0.0 crit    0.0 lam 0.00,0.00,0.00,0.00 (1116s)
[lag_s1] upd 360/488 steps 737280 R    -59.8 prod    8.3 traf   39.1 evid    1.1 crit    0.0 lam 0.09,0.21,17.55,1.83 (1130s)
[ppo_s1] upd 400/488 steps 819200 R     -2.0 prod   45.7 traf  629.7 evid    9.9 crit    0.0 lam 0.00,0.00,0.00,0.00 (1153s)
[shaped-b1_s1] upd 400/488 steps 819200 R    -70.4 prod    3.2 traf   18.5 evid    2.9 crit    0.0 lam 0.00,0.00,0.00,0.00 (1163s)
[shield_s1] upd 400/488 steps 819200 R     -1.3 prod   60.1 traf  704.6 evid    0.0 crit    0.0 lam 0.00,0.00,0.00,0.00 (1172s)
[lag_s1] upd 380/488 steps 778240 R    -57.1 prod   10.6 traf   46.6 evid    0.9 crit    0.0 lam 0.01,0.02,18.36,1.87 (1190s)
[ppo_s1] upd 420/488 steps 860160 R     -2.6 prod   35.7 traf  592.2 evid   11.4 crit    0.0 lam 0.00,0.00,0.00,0.00 (1209s)
[shaped-b1_s1] upd 420/488 steps 860160 R    -57.6 prod    2.8 traf   13.3 evid    2.4 crit    0.0 lam 0.00,0.00,0.00,0.00 (1218s)
[shield_s1] upd 420/488 steps 860160 R     -2.0 prod   55.3 traf  715.8 evid    0.0 crit    0.0 lam 0.00,0.00,0.00,0.00 (1228s)
[lag_s1] upd 400/488 steps 819200 R    -74.4 prod   14.0 traf   65.8 evid    0.6 crit    0.2 lam 0.05,0.02,19.06,1.92 (1250s)
[ppo_s1] upd 440/488 steps 901120 R     -2.3 prod   31.3 traf  522.1 evid    9.0 crit    0.0 lam 0.00,0.00,0.00,0.00 (1265s)
[shaped-b1_s1] upd 440/488 steps 901120 R    -33.1 prod    1.6 traf    9.1 evid    2.2 crit    0.0 lam 0.00,0.00,0.00,0.00 (1274s)
[shield_s1] upd 440/488 steps 901120 R     -0.7 prod   75.2 traf  759.2 evid    0.0 crit    0.0 lam 0.00,0.00,0.00,0.00 (1284s)
[lag_s1] upd 420/488 steps 860160 R    -77.6 prod   13.0 traf   61.8 evid    0.2 crit    0.0 lam 0.24,0.30,19.47,1.97 (1309s)
[ppo_s1] upd 460/488 steps 942080 R    -12.8 prod   30.3 traf  566.7 evid   12.6 crit    0.0 lam 0.00,0.00,0.00,0.00 (1319s)
[shaped-b1_s1] upd 460/488 steps 942080 R    -42.5 prod    5.8 traf   27.8 evid    4.1 crit    0.0 lam 0.00,0.00,0.00,0.00 (1330s)
[shield_s1] upd 460/488 steps 942080 R     -1.3 prod   59.3 traf  720.2 evid    0.0 crit    0.0 lam 0.00,0.00,0.00,0.00 (1340s)
[lag_s1] upd 440/488 steps 901120 R    -61.9 prod   11.7 traf   52.3 evid    0.8 crit    0.1 lam 0.32,0.40,20.02,2.00 (1372s)
[ppo_s1] upd 480/488 steps 983040 R     -6.2 prod   28.4 traf  594.5 evid   12.0 crit    0.0 lam 0.00,0.00,0.00,0.00 (1375s)
[shaped-b1_s1] upd 480/488 steps 983040 R    -50.5 prod    6.7 traf   29.1 evid    3.5 crit    0.0 lam 0.00,0.00,0.00,0.00 (1387s)
[shield_s1] upd 480/488 steps 983040 R     -1.0 prod  111.0 traf  827.1 evid    0.0 crit    0.0 lam 0.00,0.00,0.00,0.00 (1397s)
[ppo_s1] upd 488/488 steps 999424 R     -3.5 prod   25.7 traf  614.6 evid   10.0 crit    0.0 lam 0.00,0.00,0.00,0.00 (1398s)
done ppo_s1
[shaped-b1_s1] upd 488/488 steps 999424 R    -49.0 prod    3.4 traf   17.5 evid    2.8 crit    0.0 lam 0.00,0.00,0.00,0.00 (1410s)
done shaped-b1_s1
[shield_s1] upd 488/488 steps 999424 R     -1.1 prod  106.5 traf  791.3 evid    0.0 crit    0.0 lam 0.00,0.00,0.00,0.00 (1421s)
done shield_s1
[lag_s1] upd 460/488 steps 942080 R    -74.7 prod   10.3 traf   44.0 evid    0.1 crit    0.0 lam 0.36,0.35,20.67,2.08 (1436s)
[typed_s1] upd 20/488 steps 40960 R   -295.5 prod   55.5 traf  486.7 evid    0.0 crit    0.0 lam 1.00,1.00,0.00,0.00 (58s)
[ppo_s2] upd 20/488 steps 40960 R    -35.1 prod  568.2 traf 1412.0 evid   12.2 crit   83.0 lam 0.00,0.00,0.00,0.00 (57s)
[shaped-b1_s2] upd 20/488 steps 40960 R   -633.9 prod   35.3 traf  222.1 evid    7.5 crit    0.1 lam 0.00,0.00,0.00,0.00 (59s)
[lag_s1] upd 480/488 steps 983040 R    -91.0 prod   17.5 traf   75.3 evid    1.3 crit    0.0 lam 0.27,0.18,21.19,2.20 (1499s)
[typed_s1] upd 40/488 steps 81920 R   -312.3 prod    0.2 traf  200.9 evid    0.0 crit    0.0 lam 0.87,2.00,0.00,0.00 (115s)
[ppo_s2] upd 40/488 steps 81920 R     -6.8 prod  430.6 traf 1324.7 evid   10.2 crit   66.7 lam 0.00,0.00,0.00,0.00 (112s)
[lag_s1] upd 488/488 steps 999424 R    -74.7 prod   11.4 traf   63.5 evid    0.2 crit    0.0 lam 0.32,0.33,21.41,2.21 (1523s)
done lag_s1
[shaped-b1_s2] upd 40/488 steps 81920 R   -369.5 prod   16.1 traf  228.4 evid    3.7 crit    0.0 lam 0.00,0.00,0.00,0.00 (118s)
[typed_s1] upd 60/488 steps 122880 R   -315.0 prod    0.2 traf  198.8 evid    0.0 crit    0.0 lam 0.00,3.00,0.00,0.00 (170s)
[ppo_s2] upd 60/488 steps 122880 R     -2.2 prod  266.7 traf 1147.7 evid   10.7 crit   50.1 lam 0.00,0.00,0.00,0.00 (168s)
[lag_s2] upd 20/488 steps 40960 R   -253.3 prod  164.4 traf  696.9 evid   17.5 crit   18.5 lam 1.00,1.00,1.00,1.00 (58s)
[shaped-b1_s2] upd 60/488 steps 122880 R   -219.2 prod    3.5 traf  197.0 evid    3.7 crit    0.1 lam 0.00,0.00,0.00,0.00 (178s)
[typed_s1] upd 80/488 steps 163840 R   -313.1 prod    0.2 traf  194.3 evid    0.0 crit    0.0 lam 0.00,4.00,0.00,0.00 (226s)
[ppo_s2] upd 80/488 steps 163840 R     -3.3 prod  111.0 traf  840.5 evid   14.3 crit    1.7 lam 0.00,0.00,0.00,0.00 (224s)
[lag_s2] upd 40/488 steps 81920 R   -290.7 prod    9.6 traf  243.0 evid    6.6 crit    0.0 lam 1.90,2.00,2.00,1.76 (116s)
[shaped-b1_s2] upd 80/488 steps 163840 R    -70.9 prod    7.1 traf   69.3 evid    5.3 crit    0.0 lam 0.00,0.00,0.00,0.00 (237s)
[typed_s1] upd 100/488 steps 204800 R   -309.1 prod    0.3 traf  185.2 evid    0.0 crit    0.0 lam 0.00,5.00,0.00,0.00 (282s)
[ppo_s2] upd 100/488 steps 204800 R     -2.9 prod  338.6 traf 1140.5 evid    6.7 crit   30.3 lam 0.00,0.00,0.00,0.00 (279s)
[lag_s2] upd 60/488 steps 122880 R   -226.5 prod    4.8 traf  129.6 evid    9.5 crit    0.0 lam 1.36,3.00,3.00,1.77 (174s)
[shaped-b1_s2] upd 100/488 steps 204800 R    -38.4 prod    7.5 traf   37.3 evid    4.9 crit    0.0 lam 0.00,0.00,0.00,0.00 (295s)
[typed_s1] upd 120/488 steps 245760 R  -1071.1 prod    1.1 traf   10.3 evid    0.0 crit    0.0 lam 0.00,5.68,0.00,0.00 (337s)
[ppo_s2] upd 120/488 steps 245760 R     -1.0 prod  437.5 traf 1257.3 evid    5.7 crit   47.5 lam 0.00,0.00,0.00,0.00 (333s)
[lag_s2] upd 80/488 steps 163840 R    -65.2 prod    6.3 traf   73.3 evid   10.8 crit    0.4 lam 0.80,3.79,4.00,1.82 (232s)
[shaped-b1_s2] upd 120/488 steps 245760 R    -26.5 prod    4.9 traf   24.6 evid    3.3 crit    0.0 lam 0.00,0.00,0.00,0.00 (352s)
[typed_s1] upd 140/488 steps 286720 R   -682.2 prod    0.8 traf    3.8 evid    0.0 crit    0.0 lam 0.00,4.75,0.00,0.00 (390s)
[ppo_s2] upd 140/488 steps 286720 R     -1.0 prod  472.3 traf 1298.5 evid    4.8 crit   46.5 lam 0.00,0.00,0.00,0.00 (387s)
[lag_s2] upd 100/488 steps 204800 R    -30.1 prod    7.4 traf   34.1 evid    6.6 crit    0.0 lam 0.47,3.54,5.00,1.87 (289s)
[shaped-b1_s2] upd 140/488 steps 286720 R    -19.8 prod    3.7 traf   19.5 evid    3.7 crit    0.0 lam 0.00,0.00,0.00,0.00 (411s)
[typed_s1] upd 160/488 steps 327680 R   -514.2 prod    1.8 traf    7.8 evid    0.0 crit    0.0 lam 0.00,3.85,0.00,0.00 (445s)
[ppo_s2] upd 160/488 steps 327680 R     -1.1 prod  537.8 traf 1342.5 evid    3.7 crit   67.9 lam 0.00,0.00,0.00,0.00 (442s)
[lag_s2] upd 120/488 steps 245760 R    -45.7 prod   10.3 traf   44.9 evid    4.9 crit    0.2 lam 0.10,3.14,6.00,1.88 (347s)
[shaped-b1_s2] upd 160/488 steps 327680 R    -14.0 prod    2.4 traf   13.0 evid    2.8 crit    0.0 lam 0.00,0.00,0.00,0.00 (469s)
[typed_s1] upd 180/488 steps 368640 R   -301.1 prod   15.0 traf   60.5 evid    0.0 crit    0.0 lam 0.03,3.47,0.00,0.00 (500s)
[ppo_s2] upd 180/488 steps 368640 R     -1.4 prod  388.3 traf 1245.0 evid    4.8 crit   28.2 lam 0.00,0.00,0.00,0.00 (496s)
[lag_s2] upd 140/488 steps 286720 R    -28.6 prod    3.4 traf   17.6 evid    3.2 crit    0.0 lam 0.00,2.74,7.00,1.90 (405s)
[shaped-b1_s2] upd 180/488 steps 368640 R    -19.8 prod    3.8 traf   36.8 evid    4.3 crit    0.0 lam 0.00,0.00,0.00,0.00 (529s)
[typed_s1] upd 200/488 steps 409600 R   -249.9 prod    6.3 traf   43.1 evid    0.0 crit    0.0 lam 0.00,3.29,0.00,0.00 (556s)
[ppo_s2] upd 200/488 steps 409600 R     -1.2 prod  280.2 traf 1119.6 evid    6.1 crit    7.8 lam 0.00,0.00,0.00,0.00 (552s)
[lag_s2] upd 160/488 steps 327680 R    -38.5 prod    2.8 traf   16.5 evid    2.8 crit    0.0 lam 0.00,2.31,8.00,1.91 (463s)
[shaped-b1_s2] upd 200/488 steps 409600 R    -34.1 prod    7.1 traf   33.0 evid    3.6 crit    0.4 lam 0.00,0.00,0.00,0.00 (587s)
[typed_s1] upd 220/488 steps 450560 R   -210.4 prod    3.1 traf   12.4 evid    0.0 crit    0.0 lam 0.00,2.73,0.00,0.00 (612s)
[ppo_s2] upd 220/488 steps 450560 R     -0.6 prod  111.5 traf  832.3 evid    3.0 crit    2.0 lam 0.00,0.00,0.00,0.00 (607s)
[lag_s2] upd 180/488 steps 368640 R    -22.0 prod    6.2 traf   28.2 evid    3.6 crit    0.0 lam 0.00,1.85,9.00,1.92 (521s)
[shaped-b1_s2] upd 220/488 steps 450560 R     -7.2 prod    1.5 traf   11.5 evid    3.0 crit    0.1 lam 0.00,0.00,0.00,0.00 (646s)
[typed_s1] upd 240/488 steps 491520 R   -186.0 prod    2.7 traf   10.9 evid    0.0 crit    0.0 lam 0.00,1.95,0.00,0.00 (668s)
[ppo_s2] upd 240/488 steps 491520 R     -0.8 prod   62.1 traf  739.2 evid    2.8 crit    0.1 lam 0.00,0.00,0.00,0.00 (660s)
[lag_s2] upd 200/488 steps 409600 R    -35.4 prod    4.2 traf   22.5 evid    3.0 crit    0.0 lam 0.00,1.55,10.00,1.93 (578s)
[typed_s1] upd 260/488 steps 532480 R   -126.3 prod    1.7 traf    7.6 evid    0.1 crit    0.0 lam 0.00,1.09,0.00,0.00 (724s)
[shaped-b1_s2] upd 240/488 steps 491520 R    -37.2 prod   15.0 traf   75.6 evid    5.3 crit    0.0 lam 0.00,0.00,0.00,0.00 (705s)
[ppo_s2] upd 260/488 steps 532480 R     -1.5 prod   54.5 traf  715.6 evid    2.9 crit    0.1 lam 0.00,0.00,0.00,0.00 (716s)
[lag_s2] upd 220/488 steps 450560 R     -6.9 prod    2.0 traf   12.5 evid    2.4 crit    0.0 lam 0.00,1.20,11.00,1.95 (637s)
[typed_s1] upd 280/488 steps 573440 R   -104.8 prod    3.5 traf   18.0 evid    0.0 crit    0.0 lam 0.00,0.37,0.00,0.00 (780s)
[ppo_s2] upd 280/488 steps 573440 R     -1.1 prod   55.7 traf  717.7 evid    2.6 crit    0.0 lam 0.00,0.00,0.00,0.00 (769s)
[shaped-b1_s2] upd 260/488 steps 532480 R    -29.9 prod    5.0 traf   23.9 evid    3.6 crit    0.0 lam 0.00,0.00,0.00,0.00 (763s)
[lag_s2] upd 240/488 steps 491520 R    -46.3 prod    8.7 traf   43.7 evid    4.8 crit    0.0 lam 0.00,0.79,12.00,1.98 (694s)
[ppo_s2] upd 300/488 steps 614400 R    -15.9 prod   48.9 traf  719.0 evid    4.2 crit    0.3 lam 0.00,0.00,0.00,0.00 (823s)
[typed_s1] upd 300/488 steps 614400 R    -63.1 prod    5.1 traf   27.7 evid    0.0 crit    0.0 lam 0.00,0.00,0.00,0.00 (835s)
[shaped-b1_s2] upd 280/488 steps 573440 R    -28.4 prod    4.1 traf   19.1 evid    2.8 crit    0.0 lam 0.00,0.00,0.00,0.00 (822s)
[lag_s2] upd 260/488 steps 532480 R    -43.7 prod    7.0 traf   31.7 evid    3.2 crit    0.0 lam 0.00,0.43,13.00,2.01 (754s)
[ppo_s2] upd 320/488 steps 655360 R     -2.1 prod   22.7 traf  719.9 evid   10.5 crit    0.0 lam 0.00,0.00,0.00,0.00 (878s)
[typed_s1] upd 320/488 steps 655360 R    -78.1 prod   10.1 traf   48.4 evid    0.0 crit    0.0 lam 0.00,0.00,0.00,0.00 (891s)
[shaped-b1_s2] upd 300/488 steps 614400 R    -19.8 prod    3.8 traf   19.9 evid    3.6 crit    0.0 lam 0.00,0.00,0.00,0.00 (881s)
[lag_s2] upd 280/488 steps 573440 R    -44.9 prod    6.6 traf   30.9 evid    2.2 crit    0.0 lam 0.00,0.06,14.00,2.06 (813s)
[ppo_s2] upd 340/488 steps 696320 R     -2.2 prod   10.4 traf  714.8 evid   12.5 crit    0.1 lam 0.00,0.00,0.00,0.00 (933s)
[typed_s1] upd 340/488 steps 696320 R    -73.6 prod    7.3 traf   43.5 evid    0.0 crit    0.0 lam 0.02,0.38,0.00,0.00 (948s)
[shaped-b1_s2] upd 320/488 steps 655360 R    -24.9 prod    4.3 traf   20.5 evid    3.6 crit    0.0 lam 0.00,0.00,0.00,0.00 (941s)
[lag_s2] upd 300/488 steps 614400 R    -48.0 prod    6.9 traf   40.8 evid    1.0 crit    0.1 lam 0.00,0.06,15.00,2.09 (873s)
[ppo_s2] upd 360/488 steps 737280 R     -1.3 prod    5.6 traf  712.8 evid    9.3 crit    0.1 lam 0.00,0.00,0.00,0.00 (990s)
[typed_s1] upd 360/488 steps 737280 R    -89.4 prod    8.7 traf   37.1 evid    0.0 crit    0.0 lam 0.00,0.16,0.00,0.00 (1006s)
[shaped-b1_s2] upd 340/488 steps 696320 R    -43.6 prod    4.6 traf   29.1 evid    3.0 crit    0.0 lam 0.00,0.00,0.00,0.00 (1001s)
[lag_s2] upd 320/488 steps 655360 R    -61.5 prod   10.9 traf   68.5 evid    1.1 crit    0.3 lam 0.03,0.36,16.00,2.15 (934s)
[ppo_s2] upd 380/488 steps 778240 R     -1.9 prod    6.3 traf  707.0 evid   12.6 crit    0.0 lam 0.00,0.00,0.00,0.00 (1047s)
[typed_s1] upd 380/488 steps 778240 R    -76.0 prod   13.7 traf   54.7 evid    0.0 crit    0.0 lam 0.05,0.03,0.00,0.00 (1065s)
[shaped-b1_s2] upd 360/488 steps 737280 R     -5.9 prod    1.4 traf   10.2 evid    2.9 crit    0.0 lam 0.00,0.00,0.00,0.00 (1061s)
[ppo_s2] upd 400/488 steps 819200 R     -1.8 prod    3.7 traf  702.9 evid    8.5 crit    0.0 lam 0.00,0.00,0.00,0.00 (1105s)
[lag_s2] upd 340/488 steps 696320 R    -57.4 prod    9.4 traf   53.8 evid    0.7 crit    0.0 lam 0.00,0.31,16.98,2.20 (995s)
[typed_s1] upd 400/488 steps 819200 R    -55.9 prod    8.8 traf   41.6 evid    0.0 crit    0.0 lam 0.12,0.02,0.00,0.00 (1124s)
[shaped-b1_s2] upd 380/488 steps 778240 R    -21.5 prod    2.8 traf   15.6 evid    2.5 crit    0.0 lam 0.00,0.00,0.00,0.00 (1124s)
[ppo_s2] upd 420/488 steps 860160 R     -2.6 prod    3.2 traf  700.6 evid    8.5 crit    0.0 lam 0.00,0.00,0.00,0.00 (1161s)
[lag_s2] upd 360/488 steps 737280 R    -58.9 prod   12.6 traf   56.5 evid    2.6 crit    0.1 lam 0.01,0.19,17.97,2.21 (1056s)
[typed_s1] upd 420/488 steps 860160 R    -80.1 prod   13.6 traf   59.2 evid    0.0 crit    0.0 lam 0.17,0.06,0.00,0.00 (1183s)
[shaped-b1_s2] upd 400/488 steps 819200 R    -12.5 prod    1.4 traf   10.6 evid    3.1 crit    0.0 lam 0.00,0.00,0.00,0.00 (1183s)
[ppo_s2] upd 440/488 steps 901120 R     -2.4 prod    4.2 traf  697.6 evid   11.0 crit    0.0 lam 0.00,0.00,0.00,0.00 (1217s)
[typed_s1] upd 440/488 steps 901120 R    -55.4 prod   10.7 traf   56.4 evid    0.1 crit    0.0 lam 0.40,0.36,0.00,0.00 (1239s)
[lag_s2] upd 380/488 steps 778240 R    -31.5 prod    7.4 traf   36.6 evid    1.1 crit    0.0 lam 0.16,0.24,18.97,2.26 (1116s)
[shaped-b1_s2] upd 420/488 steps 860160 R    -33.5 prod    4.5 traf   22.8 evid    2.7 crit    0.0 lam 0.00,0.00,0.00,0.00 (1245s)
[ppo_s2] upd 460/488 steps 942080 R     -2.9 prod    5.5 traf  702.5 evid   11.1 crit    0.0 lam 0.00,0.00,0.00,0.00 (1273s)
[typed_s1] upd 460/488 steps 942080 R    -58.2 prod    7.8 traf   39.4 evid    0.0 crit    0.0 lam 0.48,0.48,0.00,0.00 (1298s)
[lag_s2] upd 400/488 steps 819200 R    -27.3 prod    5.2 traf   34.7 evid    0.6 crit    0.0 lam 0.23,0.36,19.82,2.28 (1177s)
[shaped-b1_s2] upd 440/488 steps 901120 R    -50.1 prod    5.2 traf   25.7 evid    2.9 crit    0.0 lam 0.00,0.00,0.00,0.00 (1305s)
[ppo_s2] upd 480/488 steps 983040 R     -1.4 prod    5.2 traf  699.9 evid   11.8 crit    0.0 lam 0.00,0.00,0.00,0.00 (1328s)
[typed_s1] upd 480/488 steps 983040 R   -146.2 prod   20.2 traf  100.6 evid    0.1 crit    0.0 lam 0.49,0.49,0.00,0.00 (1356s)
[lag_s2] upd 420/488 steps 860160 R    -51.8 prod    7.9 traf   44.5 evid    1.0 crit    0.1 lam 0.17,0.59,20.53,2.30 (1237s)
[ppo_s2] upd 488/488 steps 999424 R     -2.0 prod    6.6 traf  699.7 evid   12.8 crit    0.0 lam 0.00,0.00,0.00,0.00 (1350s)
done ppo_s2
[typed_s1] upd 488/488 steps 999424 R    -82.8 prod   12.0 traf   57.6 evid    0.0 crit    0.0 lam 0.48,0.50,0.00,0.00 (1379s)
done typed_s1
[shaped-b1_s2] upd 460/488 steps 942080 R    -29.1 prod    3.7 traf   20.6 evid    1.9 crit    0.0 lam 0.00,0.00,0.00,0.00 (1370s)
[shield_s2] upd 20/488 steps 40960 R   -170.2 prod  360.4 traf 1145.3 evid    0.0 crit    0.0 lam 0.00,0.00,0.00,0.00 (70s)
[lag_s2] upd 440/488 steps 901120 R    -98.9 prod   13.8 traf   76.5 evid    0.8 crit    0.0 lam 0.11,0.76,21.31,2.30 (1318s)
[typed_s2] upd 20/488 steps 40960 R   -463.9 prod  115.9 traf  589.9 evid    0.0 crit    0.0 lam 1.00,1.00,0.00,0.00 (80s)
[shaped-b1_s2] upd 480/488 steps 983040 R    -37.1 prod    4.5 traf   23.0 evid    1.7 crit    0.0 lam 0.00,0.00,0.00,0.00 (1452s)
[shaped-b1_s2] upd 488/488 steps 999424 R    -42.0 prod    8.4 traf   39.1 evid    3.1 crit    0.0 lam 0.00,0.00,0.00,0.00 (1484s)
done shaped-b1_s2
[shield_s2] upd 40/488 steps 81920 R    -34.4 prod  386.9 traf 1189.6 evid    0.0 crit    0.0 lam 0.00,0.00,0.00,0.00 (146s)
[lag_s2] upd 460/488 steps 942080 R    -38.7 prod    8.6 traf   47.8 evid    0.9 crit    0.0 lam 0.06,0.76,22.10,2.30 (1394s)
[typed_s2] upd 40/488 steps 81920 R   -324.1 prod    1.9 traf  208.3 evid    0.0 crit    0.0 lam 1.41,2.00,0.00,0.00 (150s)
[ppo_s3] upd 20/488 steps 40960 R    -39.0 prod  549.4 traf 1450.7 evid   11.8 crit   95.7 lam 0.00,0.00,0.00,0.00 (59s)
[shield_s2] upd 60/488 steps 122880 R     -8.7 prod  493.2 traf 1281.9 evid    0.0 crit    0.0 lam 0.00,0.00,0.00,0.00 (205s)
[lag_s2] upd 480/488 steps 983040 R    -60.6 prod    8.4 traf   38.8 evid    0.9 crit    0.1 lam 0.00,0.74,23.01,2.32 (1457s)
[typed_s2] upd 60/488 steps 122880 R   -309.5 prod    0.0 traf  185.4 evid    0.0 crit    0.0 lam 0.48,3.00,0.00,0.00 (210s)
[lag_s2] upd 488/488 steps 999424 R    -59.9 prod    9.7 traf   43.4 evid    1.3 crit    0.0 lam 0.03,0.64,23.32,2.33 (1480s)
done lag_s2
[ppo_s3] upd 40/488 steps 81920 R    -10.1 prod  631.9 traf 1458.5 evid   12.8 crit   95.2 lam 0.00,0.00,0.00,0.00 (114s)
[shield_s2] upd 80/488 steps 163840 R     -3.9 prod  502.7 traf 1303.0 evid    0.0 crit    0.0 lam 0.00,0.00,0.00,0.00 (261s)
[typed_s2] upd 80/488 steps 163840 R   -316.6 prod    0.2 traf  181.1 evid    0.0 crit    0.0 lam 0.00,4.00,0.00,0.00 (267s)
[shaped-b1_s3] upd 20/488 steps 40960 R   -721.0 prod   18.8 traf  201.3 evid    2.2 crit    0.5 lam 0.00,0.00,0.00,0.00 (58s)
[ppo_s3] upd 60/488 steps 122880 R     -4.7 prod  457.3 traf 1318.2 evid   14.1 crit   69.6 lam 0.00,0.00,0.00,0.00 (171s)
[shield_s2] upd 100/488 steps 204800 R     -4.2 prod  535.5 traf 1344.2 evid    0.0 crit    0.0 lam 0.00,0.00,0.00,0.00 (319s)
[typed_s2] upd 100/488 steps 204800 R   -326.9 prod    1.3 traf  176.2 evid    0.0 crit    0.0 lam 0.00,5.00,0.00,0.00 (325s)
[shaped-b1_s3] upd 40/488 steps 81920 R   -334.6 prod   10.6 traf  224.6 evid    1.0 crit    0.1 lam 0.00,0.00,0.00,0.00 (119s)
[ppo_s3] upd 80/488 steps 163840 R     -2.6 prod  550.4 traf 1355.2 evid   10.9 crit   74.9 lam 0.00,0.00,0.00,0.00 (227s)
[shield_s2] upd 120/488 steps 245760 R     -1.8 prod  562.9 traf 1405.8 evid    0.0 crit    0.0 lam 0.00,0.00,0.00,0.00 (376s)
[typed_s2] upd 120/488 steps 245760 R   -350.8 prod    2.8 traf  178.8 evid    0.0 crit    0.0 lam 0.00,6.00,0.00,0.00 (380s)
[shaped-b1_s3] upd 60/488 steps 122880 R   -303.6 prod    0.6 traf  189.7 evid    0.2 crit    0.0 lam 0.00,0.00,0.00,0.00 (176s)
[ppo_s3] upd 100/488 steps 204800 R     -2.0 prod  671.6 traf 1407.0 evid    6.5 crit   83.2 lam 0.00,0.00,0.00,0.00 (282s)
[shield_s2] upd 140/488 steps 286720 R     -1.8 prod  566.2 traf 1406.8 evid    0.0 crit    0.0 lam 0.00,0.00,0.00,0.00 (431s)
[typed_s2] upd 140/488 steps 286720 R   -475.6 prod    0.2 traf   96.4 evid    0.0 crit    0.0 lam 0.00,7.00,0.00,0.00 (433s)
[shaped-b1_s3] upd 80/488 steps 163840 R   -211.8 prod    1.9 traf  155.1 evid    2.9 crit    0.0 lam 0.00,0.00,0.00,0.00 (230s)
[ppo_s3] upd 120/488 steps 245760 R     -0.7 prod  743.4 traf 1432.8 evid    3.6 crit   85.9 lam 0.00,0.00,0.00,0.00 (333s)
[shield_s2] upd 160/488 steps 327680 R     -1.3 prod  560.0 traf 1405.0 evid    0.0 crit    0.0 lam 0.00,0.00,0.00,0.00 (483s)
[typed_s2] upd 160/488 steps 327680 R   -678.7 prod    0.0 traf    0.0 evid    0.0 crit    0.0 lam 0.00,6.23,0.00,0.00 (483s)
[ppo_s3] upd 140/488 steps 286720 R     -0.8 prod  757.4 traf 1443.0 evid    2.5 crit   91.0 lam 0.00,0.00,0.00,0.00 (382s)
[shaped-b1_s3] upd 100/488 steps 204800 R    -67.0 prod    1.5 traf   52.5 evid    2.1 crit    0.1 lam 0.00,0.00,0.00,0.00 (285s)
[shield_s2] upd 180/488 steps 368640 R     -1.8 prod  550.7 traf 1389.9 evid    0.0 crit    0.0 lam 0.00,0.00,0.00,0.00 (533s)
[typed_s2] upd 180/488 steps 368640 R   -494.7 prod    0.0 traf    0.0 evid    0.0 crit    0.0 lam 0.00,5.26,0.00,0.00 (533s)
[ppo_s3] upd 160/488 steps 327680 R     -1.4 prod  731.3 traf 1408.9 evid    3.1 crit   84.8 lam 0.00,0.00,0.00,0.00 (431s)
[shaped-b1_s3] upd 120/488 steps 245760 R    -47.4 prod    6.3 traf   47.2 evid    4.0 crit    0.0 lam 0.00,0.00,0.00,0.00 (339s)
[shield_s2] upd 200/488 steps 409600 R     -1.4 prod  561.0 traf 1394.3 evid    0.0 crit    0.0 lam 0.00,0.00,0.00,0.00 (583s)
[typed_s2] upd 200/488 steps 409600 R   -320.0 prod    9.4 traf   38.0 evid    0.0 crit    0.0 lam 0.00,4.51,0.00,0.00 (582s)
[ppo_s3] upd 180/488 steps 368640 R     -0.6 prod  732.1 traf 1412.6 evid    2.4 crit   88.2 lam 0.00,0.00,0.00,0.00 (481s)
[shield_s2] upd 220/488 steps 450560 R     -1.1 prod  541.6 traf 1366.1 evid    0.0 crit    0.0 lam 0.00,0.00,0.00,0.00 (632s)
[shaped-b1_s3] upd 140/488 steps 286720 R    -23.1 prod    4.9 traf   25.6 evid    3.2 crit    0.0 lam 0.00,0.00,0.00,0.00 (392s)
[typed_s2] upd 220/488 steps 450560 R   -199.8 prod    5.2 traf   21.0 evid    0.0 crit    0.0 lam 0.00,4.23,0.00,0.00 (632s)
[ppo_s3] upd 200/488 steps 409600 R     -0.8 prod  727.2 traf 1419.5 evid    2.4 crit   88.7 lam 0.00,0.00,0.00,0.00 (530s)
[shield_s2] upd 240/488 steps 491520 R     -1.7 prod  557.8 traf 1389.2 evid    0.0 crit    0.0 lam 0.00,0.00,0.00,0.00 (682s)
[shaped-b1_s3] upd 160/488 steps 327680 R    -47.3 prod   12.1 traf   52.0 evid    5.6 crit    0.0 lam 0.00,0.00,0.00,0.00 (445s)
[typed_s2] upd 240/488 steps 491520 R   -192.8 prod    4.6 traf   19.1 evid    0.0 crit    0.0 lam 0.00,3.78,0.00,0.00 (682s)
[ppo_s3] upd 220/488 steps 450560 R     -0.8 prod  742.3 traf 1419.2 evid    2.0 crit   88.0 lam 0.00,0.00,0.00,0.00 (579s)
[shield_s2] upd 260/488 steps 532480 R     -1.2 prod  558.9 traf 1387.6 evid    0.0 crit    0.0 lam 0.00,0.00,0.00,0.00 (733s)
[shaped-b1_s3] upd 180/488 steps 368640 R    -33.0 prod    7.1 traf   30.7 evid    3.0 crit    0.0 lam 0.00,0.00,0.00,0.00 (500s)
[typed_s2] upd 260/488 steps 532480 R   -158.2 prod    1.3 traf    5.2 evid    0.0 crit    0.0 lam 0.00,3.03,0.00,0.00 (732s)
[ppo_s3] upd 240/488 steps 491520 R     -3.0 prod  737.1 traf 1427.4 evid    2.8 crit   89.1 lam 0.00,0.00,0.00,0.00 (628s)
[shield_s2] upd 280/488 steps 573440 R     -1.1 prod  555.1 traf 1378.9 evid    0.0 crit    0.0 lam 0.00,0.00,0.00,0.00 (782s)
[shaped-b1_s3] upd 200/488 steps 409600 R    -31.8 prod    7.5 traf   36.3 evid    4.2 crit    0.0 lam 0.00,0.00,0.00,0.00 (552s)
[typed_s2] upd 280/488 steps 573440 R   -162.9 prod    1.0 traf    4.0 evid    0.0 crit    0.0 lam 0.00,2.14,0.00,0.00 (781s)
[ppo_s3] upd 260/488 steps 532480 R     -0.9 prod  725.5 traf 1420.9 evid    2.8 crit   88.6 lam 0.00,0.00,0.00,0.00 (676s)
[shield_s2] upd 300/488 steps 614400 R     -1.1 prod  555.9 traf 1388.1 evid    0.0 crit    0.0 lam 0.00,0.00,0.00,0.00 (831s)
[shaped-b1_s3] upd 220/488 steps 450560 R    -31.6 prod    6.0 traf   28.7 evid    4.0 crit    0.0 lam 0.00,0.00,0.00,0.00 (604s)
[typed_s2] upd 300/488 steps 614400 R   -144.0 prod    0.7 traf    2.4 evid    0.0 crit    0.0 lam 0.00,1.21,0.00,0.00 (831s)
[ppo_s3] upd 280/488 steps 573440 R     -0.6 prod  678.4 traf 1404.0 evid    3.0 crit   86.4 lam 0.00,0.00,0.00,0.00 (724s)
[shield_s2] upd 320/488 steps 655360 R     -1.5 prod  548.6 traf 1372.6 evid    0.0 crit    0.0 lam 0.00,0.00,0.00,0.00 (881s)
[typed_s2] upd 320/488 steps 655360 R   -163.6 prod    0.9 traf    3.5 evid    0.0 crit    0.0 lam 0.00,0.37,0.00,0.00 (881s)
[shaped-b1_s3] upd 240/488 steps 491520 R    -53.5 prod    7.2 traf   48.9 evid    3.7 crit    0.0 lam 0.00,0.00,0.00,0.00 (656s)
[ppo_s3] upd 300/488 steps 614400 R     -0.3 prod  642.8 traf 1398.1 evid    1.6 crit   85.7 lam 0.00,0.00,0.00,0.00 (773s)
[shield_s2] upd 340/488 steps 696320 R     -1.3 prod  551.8 traf 1380.1 evid    0.0 crit    0.0 lam 0.00,0.00,0.00,0.00 (931s)
[typed_s2] upd 340/488 steps 696320 R   -162.0 prod    8.8 traf   43.5 evid    0.0 crit    0.0 lam 0.00,0.00,0.00,0.00 (930s)
[shaped-b1_s3] upd 260/488 steps 532480 R    -27.4 prod    4.7 traf   23.7 evid    2.9 crit    0.0 lam 0.00,0.00,0.00,0.00 (709s)
[ppo_s3] upd 320/488 steps 655360 R     -0.6 prod  700.1 traf 1396.1 evid    2.5 crit   85.5 lam 0.00,0.00,0.00,0.00 (822s)
[shield_s2] upd 360/488 steps 737280 R     -0.9 prod  544.4 traf 1361.7 evid    0.0 crit    0.0 lam 0.00,0.00,0.00,0.00 (979s)
[typed_s2] upd 360/488 steps 737280 R    -68.5 prod    8.9 traf   42.9 evid    0.0 crit    0.0 lam 0.21,0.11,0.00,0.00 (980s)
[shaped-b1_s3] upd 280/488 steps 573440 R    -36.6 prod    6.3 traf   30.0 evid    4.1 crit    0.0 lam 0.00,0.00,0.00,0.00 (760s)
[ppo_s3] upd 340/488 steps 696320 R     -0.5 prod  724.9 traf 1399.4 evid    2.1 crit   86.0 lam 0.00,0.00,0.00,0.00 (870s)
[shield_s2] upd 380/488 steps 778240 R     -0.8 prod  520.5 traf 1355.9 evid    0.0 crit    0.0 lam 0.00,0.00,0.00,0.00 (1027s)
[typed_s2] upd 380/488 steps 778240 R    -35.2 prod    9.0 traf   44.3 evid    0.1 crit    0.0 lam 0.38,0.18,0.00,0.00 (1029s)
[shaped-b1_s3] upd 300/488 steps 614400 R    -18.5 prod    3.9 traf   20.0 evid    3.6 crit    0.0 lam 0.00,0.00,0.00,0.00 (813s)
[ppo_s3] upd 360/488 steps 737280 R    -18.9 prod  713.6 traf 1396.8 evid    2.4 crit   86.9 lam 0.00,0.00,0.00,0.00 (920s)
[shield_s2] upd 400/488 steps 819200 R     -1.0 prod  498.1 traf 1295.4 evid    0.0 crit    0.0 lam 0.00,0.00,0.00,0.00 (1076s)
[typed_s2] upd 400/488 steps 819200 R    -52.2 prod    9.0 traf   41.1 evid    0.1 crit    0.0 lam 0.41,0.18,0.00,0.00 (1079s)
[shaped-b1_s3] upd 320/488 steps 655360 R    -57.9 prod    9.3 traf   44.6 evid    4.3 crit    0.1 lam 0.00,0.00,0.00,0.00 (865s)
[ppo_s3] upd 380/488 steps 778240 R     -1.9 prod  724.7 traf 1396.3 evid    4.2 crit   85.7 lam 0.00,0.00,0.00,0.00 (969s)
[shield_s2] upd 420/488 steps 860160 R     -1.4 prod  449.3 traf 1219.4 evid    0.0 crit    0.0 lam 0.00,0.00,0.00,0.00 (1127s)
[typed_s2] upd 420/488 steps 860160 R    -71.4 prod    9.9 traf   53.4 evid    0.1 crit    0.0 lam 0.28,0.05,0.00,0.00 (1130s)
[shaped-b1_s3] upd 340/488 steps 696320 R    -19.7 prod    3.1 traf   15.8 evid    2.6 crit    0.0 lam 0.00,0.00,0.00,0.00 (919s)
[ppo_s3] upd 400/488 steps 819200 R     -0.5 prod  718.5 traf 1394.8 evid    2.2 crit   85.8 lam 0.00,0.00,0.00,0.00 (1020s)
[shield_s2] upd 440/488 steps 901120 R     -1.8 prod  419.3 traf 1143.0 evid    0.0 crit    0.0 lam 0.00,0.00,0.00,0.00 (1178s)
[typed_s2] upd 440/488 steps 901120 R    -83.2 prod   12.2 traf   82.0 evid    0.1 crit    0.0 lam 0.10,0.15,0.00,0.00 (1181s)
[ppo_s3] upd 420/488 steps 860160 R     -0.7 prod  718.2 traf 1403.2 evid    2.3 crit   87.0 lam 0.00,0.00,0.00,0.00 (1069s)
[shaped-b1_s3] upd 360/488 steps 737280 R    -42.1 prod    6.7 traf   32.2 evid    3.1 crit    0.0 lam 0.00,0.00,0.00,0.00 (973s)
[shield_s2] upd 460/488 steps 942080 R     -1.4 prod  455.2 traf 1212.3 evid    0.0 crit    0.0 lam 0.00,0.00,0.00,0.00 (1229s)
[typed_s2] upd 460/488 steps 942080 R    -45.0 prod    6.7 traf   40.2 evid    0.1 crit    0.0 lam 0.00,0.34,0.00,0.00 (1231s)
[ppo_s3] upd 440/488 steps 901120 R     -0.9 prod  698.3 traf 1392.0 evid    2.8 crit   83.2 lam 0.00,0.00,0.00,0.00 (1118s)
[shaped-b1_s3] upd 380/488 steps 778240 R    -36.6 prod    5.1 traf   24.6 evid    3.2 crit    0.0 lam 0.00,0.00,0.00,0.00 (1026s)
[shield_s2] upd 480/488 steps 983040 R     -1.3 prod  428.7 traf 1125.7 evid    0.0 crit    0.0 lam 0.00,0.00,0.00,0.00 (1278s)
[typed_s2] upd 480/488 steps 983040 R    -37.2 prod    6.1 traf   55.8 evid    0.1 crit    0.0 lam 0.00,0.46,0.00,0.00 (1281s)
[shield_s2] upd 488/488 steps 999424 R     -1.3 prod  466.3 traf 1202.2 evid    0.0 crit    0.0 lam 0.00,0.00,0.00,0.00 (1298s)
done shield_s2
37 runs, 4 parallel jobs
skip lag_s1
skip typed_s1
skip ppo_s2
skip shaped-b1_s2
skip lag_s2
skip shield_s2
skip shaped-b1_s1
skip shield_s1
skip ppo_s1
[lag_s3] upd 20/488 steps 40960 R   -289.6 prod  235.2 traf  886.6 evid    4.5 crit   38.5 lam 1.00,1.00,1.00,1.00 (34s)
[shaped-b1_s3] upd 20/488 steps 40960 R   -721.0 prod   18.8 traf  201.3 evid    2.2 crit    0.5 lam 0.00,0.00,0.00,0.00 (34s)
[ppo_s3] upd 20/488 steps 40960 R    -39.0 prod  549.4 traf 1450.7 evid   11.8 crit   95.7 lam 0.00,0.00,0.00,0.00 (34s)
[typed_s2] upd 20/488 steps 40960 R   -463.9 prod  115.9 traf  589.9 evid    0.0 crit    0.0 lam 1.00,1.00,0.00,0.00 (35s)
[lag_s3] upd 40/488 steps 81920 R   -601.4 prod   73.8 traf  399.5 evid    3.8 crit    8.9 lam 2.00,2.00,2.00,2.00 (66s)
[shaped-b1_s3] upd 40/488 steps 81920 R   -334.6 prod   10.6 traf  224.6 evid    1.0 crit    0.1 lam 0.00,0.00,0.00,0.00 (66s)
[ppo_s3] upd 40/488 steps 81920 R    -10.1 prod  631.9 traf 1458.5 evid   12.8 crit   95.2 lam 0.00,0.00,0.00,0.00 (66s)
[typed_s2] upd 40/488 steps 81920 R   -324.1 prod    1.9 traf  208.3 evid    0.0 crit    0.0 lam 1.41,2.00,0.00,0.00 (69s)
[lag_s3] upd 60/488 steps 122880 R   -293.9 prod    1.5 traf  183.6 evid    1.2 crit    0.0 lam 2.07,3.00,2.98,2.37 (96s)
[shaped-b1_s3] upd 60/488 steps 122880 R   -303.6 prod    0.6 traf  189.7 evid    0.2 crit    0.0 lam 0.00,0.00,0.00,0.00 (97s)
[ppo_s3] upd 60/488 steps 122880 R     -4.7 prod  457.3 traf 1318.2 evid   14.1 crit   69.6 lam 0.00,0.00,0.00,0.00 (97s)
[typed_s2] upd 60/488 steps 122880 R   -309.5 prod    0.0 traf  185.4 evid    0.0 crit    0.0 lam 0.48,3.00,0.00,0.00 (101s)
[lag_s3] upd 80/488 steps 163840 R   -146.0 prod    2.6 traf  103.8 evid    5.7 crit    0.0 lam 1.32,4.00,3.98,2.40 (127s)
[shaped-b1_s3] upd 80/488 steps 163840 R   -211.8 prod    1.9 traf  155.1 evid    2.9 crit    0.0 lam 0.00,0.00,0.00,0.00 (128s)
[ppo_s3] upd 80/488 steps 163840 R     -2.6 prod  550.4 traf 1355.2 evid   10.9 crit   74.9 lam 0.00,0.00,0.00,0.00 (128s)
[typed_s2] upd 80/488 steps 163840 R   -316.6 prod    0.2 traf  181.1 evid    0.0 crit    0.0 lam 0.00,4.00,0.00,0.00 (134s)
[lag_s3] upd 100/488 steps 204800 R    -55.1 prod    2.2 traf   44.4 evid    4.0 crit    0.2 lam 0.58,4.39,4.98,2.44 (157s)
[shaped-b1_s3] upd 100/488 steps 204800 R    -67.0 prod    1.5 traf   52.5 evid    2.1 crit    0.1 lam 0.00,0.00,0.00,0.00 (159s)
[ppo_s3] upd 100/488 steps 204800 R     -2.0 prod  671.6 traf 1407.0 evid    6.5 crit   83.2 lam 0.00,0.00,0.00,0.00 (159s)
[typed_s2] upd 100/488 steps 204800 R   -326.9 prod    1.3 traf  176.2 evid    0.0 crit    0.0 lam 0.00,5.00,0.00,0.00 (166s)
[lag_s3] upd 120/488 steps 245760 R    -17.3 prod    4.1 traf   21.4 evid    3.8 crit    0.0 lam 0.03,4.12,5.98,2.44 (188s)
[ppo_s3] upd 120/488 steps 245760 R     -0.7 prod  743.4 traf 1432.8 evid    3.6 crit   85.9 lam 0.00,0.00,0.00,0.00 (190s)
[shaped-b1_s3] upd 120/488 steps 245760 R    -47.4 prod    6.3 traf   47.2 evid    4.0 crit    0.0 lam 0.00,0.00,0.00,0.00 (191s)
[typed_s2] upd 120/488 steps 245760 R   -350.8 prod    2.8 traf  178.8 evid    0.0 crit    0.0 lam 0.00,6.00,0.00,0.00 (200s)
[lag_s3] upd 140/488 steps 286720 R    -30.8 prod    4.3 traf   27.2 evid    3.6 crit    0.0 lam 0.00,3.87,6.98,2.47 (219s)
[ppo_s3] upd 140/488 steps 286720 R     -0.8 prod  757.4 traf 1443.0 evid    2.5 crit   91.0 lam 0.00,0.00,0.00,0.00 (222s)
[shaped-b1_s3] upd 140/488 steps 286720 R    -23.1 prod    4.9 traf   25.6 evid    3.2 crit    0.0 lam 0.00,0.00,0.00,0.00 (222s)
[typed_s2] upd 140/488 steps 286720 R   -475.6 prod    0.2 traf   96.4 evid    0.0 crit    0.0 lam 0.00,7.00,0.00,0.00 (233s)
[lag_s3] upd 160/488 steps 327680 R    -67.4 prod    7.2 traf   38.2 evid    4.7 crit    0.0 lam 0.00,3.41,7.98,2.47 (250s)
[ppo_s3] upd 160/488 steps 327680 R     -1.4 prod  731.3 traf 1408.9 evid    3.1 crit   84.8 lam 0.00,0.00,0.00,0.00 (252s)
[shaped-b1_s3] upd 160/488 steps 327680 R    -47.3 prod   12.1 traf   52.0 evid    5.6 crit    0.0 lam 0.00,0.00,0.00,0.00 (254s)
[typed_s2] upd 160/488 steps 327680 R   -678.7 prod    0.0 traf    0.0 evid    0.0 crit    0.0 lam 0.00,6.23,0.00,0.00 (265s)
[lag_s3] upd 180/488 steps 368640 R    -53.3 prod    6.9 traf   32.9 evid    3.8 crit    0.0 lam 0.00,2.98,8.98,2.48 (280s)
[ppo_s3] upd 180/488 steps 368640 R     -0.6 prod  732.1 traf 1412.6 evid    2.4 crit   88.2 lam 0.00,0.00,0.00,0.00 (282s)
[shaped-b1_s3] upd 180/488 steps 368640 R    -33.0 prod    7.1 traf   30.7 evid    3.0 crit    0.0 lam 0.00,0.00,0.00,0.00 (284s)
[typed_s2] upd 180/488 steps 368640 R   -494.7 prod    0.0 traf    0.0 evid    0.0 crit    0.0 lam 0.00,5.26,0.00,0.00 (297s)
[lag_s3] upd 200/488 steps 409600 R    -36.6 prod    6.1 traf   33.1 evid    3.7 crit    0.0 lam 0.00,2.56,9.98,2.48 (309s)
[ppo_s3] upd 200/488 steps 409600 R     -0.8 prod  727.2 traf 1419.5 evid    2.4 crit   88.7 lam 0.00,0.00,0.00,0.00 (310s)
[shaped-b1_s3] upd 200/488 steps 409600 R    -31.8 prod    7.5 traf   36.3 evid    4.2 crit    0.0 lam 0.00,0.00,0.00,0.00 (313s)
[typed_s2] upd 200/488 steps 409600 R   -320.0 prod    9.4 traf   38.0 evid    0.0 crit    0.0 lam 0.00,4.51,0.00,0.00 (327s)
[lag_s3] upd 220/488 steps 450560 R    -42.6 prod    5.1 traf   26.3 evid    3.7 crit    0.0 lam 0.00,2.16,10.98,2.49 (338s)
[ppo_s3] upd 220/488 steps 450560 R     -0.8 prod  742.3 traf 1419.2 evid    2.0 crit   88.0 lam 0.00,0.00,0.00,0.00 (339s)
[shaped-b1_s3] upd 220/488 steps 450560 R    -31.6 prod    6.0 traf   28.7 evid    4.0 crit    0.0 lam 0.00,0.00,0.00,0.00 (343s)
[typed_s2] upd 220/488 steps 450560 R   -199.8 prod    5.2 traf   21.0 evid    0.0 crit    0.0 lam 0.00,4.23,0.00,0.00 (359s)
[lag_s3] upd 240/488 steps 491520 R    -49.4 prod    6.9 traf   32.6 evid    3.8 crit    0.0 lam 0.00,1.75,11.98,2.49 (368s)
[ppo_s3] upd 240/488 steps 491520 R     -3.0 prod  737.1 traf 1427.4 evid    2.8 crit   89.1 lam 0.00,0.00,0.00,0.00 (368s)
[shaped-b1_s3] upd 240/488 steps 491520 R    -53.5 prod    7.2 traf   48.9 evid    3.7 crit    0.0 lam 0.00,0.00,0.00,0.00 (373s)
[typed_s2] upd 240/488 steps 491520 R   -192.8 prod    4.6 traf   19.1 evid    0.0 crit    0.0 lam 0.00,3.78,0.00,0.00 (390s)
[lag_s3] upd 260/488 steps 532480 R    -44.3 prod    4.6 traf   25.2 evid    3.1 crit    0.0 lam 0.00,1.30,12.98,2.51 (397s)
[ppo_s3] upd 260/488 steps 532480 R     -0.9 prod  725.5 traf 1420.9 evid    2.8 crit   88.6 lam 0.00,0.00,0.00,0.00 (397s)
[shaped-b1_s3] upd 260/488 steps 532480 R    -27.4 prod    4.7 traf   23.7 evid    2.9 crit    0.0 lam 0.00,0.00,0.00,0.00 (402s)
[typed_s2] upd 260/488 steps 532480 R   -158.2 prod    1.3 traf    5.2 evid    0.0 crit    0.0 lam 0.00,3.03,0.00,0.00 (421s)
[ppo_s3] upd 280/488 steps 573440 R     -0.6 prod  678.4 traf 1404.0 evid    3.0 crit   86.4 lam 0.00,0.00,0.00,0.00 (426s)
[lag_s3] upd 280/488 steps 573440 R    -37.5 prod    5.0 traf   24.2 evid    3.6 crit    0.0 lam 0.00,0.79,13.98,2.52 (427s)
[shaped-b1_s3] upd 280/488 steps 573440 R    -36.6 prod    6.3 traf   30.0 evid    4.1 crit    0.0 lam 0.00,0.00,0.00,0.00 (432s)
[typed_s2] upd 280/488 steps 573440 R   -162.9 prod    1.0 traf    4.0 evid    0.0 crit    0.0 lam 0.00,2.14,0.00,0.00 (452s)
[ppo_s3] upd 300/488 steps 614400 R     -0.3 prod  642.8 traf 1398.1 evid    1.6 crit   85.7 lam 0.00,0.00,0.00,0.00 (455s)
[lag_s3] upd 300/488 steps 614400 R    -35.1 prod    6.3 traf   37.6 evid    3.0 crit    0.2 lam 0.00,0.29,14.98,2.53 (457s)
[shaped-b1_s3] upd 300/488 steps 614400 R    -18.5 prod    3.9 traf   20.0 evid    3.6 crit    0.0 lam 0.00,0.00,0.00,0.00 (462s)
[typed_s2] upd 300/488 steps 614400 R   -144.0 prod    0.7 traf    2.4 evid    0.0 crit    0.0 lam 0.00,1.21,0.00,0.00 (484s)
[ppo_s3] upd 320/488 steps 655360 R     -0.6 prod  700.1 traf 1396.1 evid    2.5 crit   85.5 lam 0.00,0.00,0.00,0.00 (485s)
[lag_s3] upd 320/488 steps 655360 R    -60.2 prod    6.6 traf   34.9 evid    3.0 crit    0.0 lam 0.00,0.00,15.98,2.55 (485s)
[shaped-b1_s3] upd 320/488 steps 655360 R    -57.9 prod    9.3 traf   44.6 evid    4.3 crit    0.1 lam 0.00,0.00,0.00,0.00 (492s)
[lag_s3] upd 340/488 steps 696320 R    -25.0 prod    3.7 traf   42.2 evid    2.4 crit    0.0 lam 0.00,0.00,16.98,2.58 (515s)
[ppo_s3] upd 340/488 steps 696320 R     -0.5 prod  724.9 traf 1399.4 evid    2.1 crit   86.0 lam 0.00,0.00,0.00,0.00 (515s)
[typed_s2] upd 320/488 steps 655360 R   -163.6 prod    0.9 traf    3.5 evid    0.0 crit    0.0 lam 0.00,0.37,0.00,0.00 (516s)
[shaped-b1_s3] upd 340/488 steps 696320 R    -19.7 prod    3.1 traf   15.8 evid    2.6 crit    0.0 lam 0.00,0.00,0.00,0.00 (522s)
[ppo_s3] upd 360/488 steps 737280 R    -18.9 prod  713.6 traf 1396.8 evid    2.4 crit   86.9 lam 0.00,0.00,0.00,0.00 (544s)
[lag_s3] upd 360/488 steps 737280 R    -75.9 prod   10.8 traf   44.0 evid    2.7 crit    0.0 lam 0.00,0.00,17.98,2.68 (545s)
[typed_s2] upd 340/488 steps 696320 R   -162.0 prod    8.8 traf   43.5 evid    0.0 crit    0.0 lam 0.00,0.00,0.00,0.00 (548s)
[shaped-b1_s3] upd 360/488 steps 737280 R    -42.1 prod    6.7 traf   32.2 evid    3.1 crit    0.0 lam 0.00,0.00,0.00,0.00 (552s)
[ppo_s3] upd 380/488 steps 778240 R     -1.9 prod  724.7 traf 1396.3 evid    4.2 crit   85.7 lam 0.00,0.00,0.00,0.00 (573s)
[lag_s3] upd 380/488 steps 778240 R    -66.8 prod    8.4 traf   47.3 evid    1.6 crit    0.0 lam 0.01,0.01,18.98,2.80 (575s)
[typed_s2] upd 360/488 steps 737280 R    -68.5 prod    8.9 traf   42.9 evid    0.0 crit    0.0 lam 0.21,0.11,0.00,0.00 (581s)
[shaped-b1_s3] upd 380/488 steps 778240 R    -36.6 prod    5.1 traf   24.6 evid    3.2 crit    0.0 lam 0.00,0.00,0.00,0.00 (583s)
[ppo_s3] upd 400/488 steps 819200 R     -0.5 prod  718.5 traf 1394.8 evid    2.2 crit   85.8 lam 0.00,0.00,0.00,0.00 (604s)
[lag_s3] upd 400/488 steps 819200 R    -70.5 prod    7.5 traf   32.9 evid    1.2 crit    0.2 lam 0.19,0.14,19.98,3.02 (606s)
[shaped-b1_s3] upd 400/488 steps 819200 R    -27.7 prod    3.3 traf   49.2 evid    3.2 crit    0.0 lam 0.00,0.00,0.00,0.00 (614s)
[typed_s2] upd 380/488 steps 778240 R    -35.2 prod    9.0 traf   44.3 evid    0.1 crit    0.0 lam 0.38,0.18,0.00,0.00 (615s)
[ppo_s3] upd 420/488 steps 860160 R     -0.7 prod  718.2 traf 1403.2 evid    2.3 crit   87.0 lam 0.00,0.00,0.00,0.00 (633s)
[lag_s3] upd 420/488 steps 860160 R    -99.1 prod   11.9 traf   54.1 evid    0.4 crit    0.0 lam 0.14,0.05,20.86,3.13 (636s)
[shaped-b1_s3] upd 420/488 steps 860160 R    -26.7 prod    5.9 traf   26.0 evid    3.5 crit    0.0 lam 0.00,0.00,0.00,0.00 (645s)
[typed_s2] upd 400/488 steps 819200 R    -52.2 prod    9.0 traf   41.1 evid    0.1 crit    0.0 lam 0.41,0.18,0.00,0.00 (647s)
[ppo_s3] upd 440/488 steps 901120 R     -0.9 prod  698.3 traf 1392.0 evid    2.8 crit   83.2 lam 0.00,0.00,0.00,0.00 (663s)
[lag_s3] upd 440/488 steps 901120 R    -87.2 prod   12.4 traf   63.8 evid    0.6 crit    0.1 lam 0.11,0.14,21.69,3.18 (666s)
[shaped-b1_s3] upd 440/488 steps 901120 R    -29.4 prod    3.8 traf   19.6 evid    4.2 crit    0.0 lam 0.00,0.00,0.00,0.00 (674s)
[typed_s2] upd 420/488 steps 860160 R    -71.4 prod    9.9 traf   53.4 evid    0.1 crit    0.0 lam 0.28,0.05,0.00,0.00 (678s)
[ppo_s3] upd 460/488 steps 942080 R     -1.0 prod  675.3 traf 1364.7 evid    3.8 crit   76.8 lam 0.00,0.00,0.00,0.00 (693s)
[lag_s3] upd 460/488 steps 942080 R    -83.0 prod    9.5 traf   42.4 evid    0.9 crit    0.0 lam 0.10,0.16,22.31,3.20 (696s)
[shaped-b1_s3] upd 460/488 steps 942080 R    -96.5 prod    7.9 traf   34.7 evid    3.3 crit    0.0 lam 0.00,0.00,0.00,0.00 (705s)
[typed_s2] upd 440/488 steps 901120 R    -83.2 prod   12.2 traf   82.0 evid    0.1 crit    0.0 lam 0.10,0.15,0.00,0.00 (710s)
[ppo_s3] upd 480/488 steps 983040 R     -0.5 prod  664.9 traf 1367.3 evid    2.6 crit   75.8 lam 0.00,0.00,0.00,0.00 (722s)
[lag_s3] upd 480/488 steps 983040 R    -66.3 prod    9.2 traf   44.8 evid    0.4 crit    0.0 lam 0.03,0.01,22.83,3.21 (725s)
[ppo_s3] upd 488/488 steps 999424 R     -0.6 prod  669.4 traf 1365.6 evid    2.4 crit   77.6 lam 0.00,0.00,0.00,0.00 (733s)
done ppo_s3
[shaped-b1_s3] upd 480/488 steps 983040 R    -33.6 prod    4.5 traf   24.8 evid    3.8 crit    0.0 lam 0.00,0.00,0.00,0.00 (735s)
[lag_s3] upd 488/488 steps 999424 R    -57.6 prod    6.6 traf   36.1 evid    0.4 crit    0.3 lam 0.02,0.00,22.93,3.23 (737s)
done lag_s3
[typed_s2] upd 460/488 steps 942080 R    -45.0 prod    6.7 traf   40.2 evid    0.1 crit    0.0 lam 0.00,0.34,0.00,0.00 (742s)
[shaped-b1_s3] upd 488/488 steps 999424 R    -28.1 prod    4.7 traf   27.6 evid    3.3 crit    0.0 lam 0.00,0.00,0.00,0.00 (747s)
done shaped-b1_s3
[shield_s3] upd 20/488 steps 40960 R   -102.0 prod  382.5 traf 1213.1 evid    0.0 crit    0.0 lam 0.00,0.00,0.00,0.00 (32s)
[typed_s3] upd 20/488 steps 40960 R   -440.8 prod   67.6 traf  496.5 evid    0.0 crit    0.0 lam 1.00,1.00,0.00,0.00 (31s)
[typed_s2] upd 480/488 steps 983040 R    -37.2 prod    6.1 traf   55.8 evid    0.1 crit    0.0 lam 0.00,0.46,0.00,0.00 (775s)
[ppo_s4] upd 20/488 steps 40960 R    -30.1 prod  608.1 traf 1428.2 evid   10.3 crit   83.9 lam 0.00,0.00,0.00,0.00 (31s)
[typed_s2] upd 488/488 steps 999424 R    -48.3 prod    6.8 traf   54.7 evid    0.0 crit    0.0 lam 0.00,0.49,0.00,0.00 (788s)
done typed_s2
[shield_s3] upd 40/488 steps 81920 R    -52.1 prod  474.0 traf 1285.6 evid    0.1 crit    0.0 lam 0.00,0.00,0.00,0.00 (63s)
[typed_s3] upd 40/488 steps 81920 R   -313.4 prod    0.8 traf  201.6 evid    0.0 crit    0.0 lam 0.87,2.00,0.00,0.00 (63s)
[ppo_s4] upd 40/488 steps 81920 R     -2.7 prod  637.5 traf 1450.0 evid    4.1 crit   90.1 lam 0.00,0.00,0.00,0.00 (63s)
[shaped-b1_s4] upd 20/488 steps 40960 R   -628.3 prod   41.2 traf  224.4 evid    7.4 crit    0.7 lam 0.00,0.00,0.00,0.00 (32s)
[shield_s3] upd 60/488 steps 122880 R    -13.5 prod  489.9 traf 1287.4 evid    0.1 crit    0.0 lam 0.00,0.00,0.00,0.00 (96s)
[typed_s3] upd 60/488 steps 122880 R   -309.6 prod    0.1 traf  196.9 evid    0.0 crit    0.0 lam 0.00,3.00,0.00,0.00 (95s)
[ppo_s4] upd 60/488 steps 122880 R     -2.3 prod  578.7 traf 1430.4 evid    4.1 crit   88.7 lam 0.00,0.00,0.00,0.00 (95s)
[shaped-b1_s4] upd 40/488 steps 81920 R   -306.7 prod    5.3 traf  213.7 evid    0.4 crit    0.1 lam 0.00,0.00,0.00,0.00 (66s)
[shield_s3] upd 80/488 steps 163840 R     -3.3 prod  443.1 traf 1194.0 evid    0.0 crit    0.0 lam 0.00,0.00,0.00,0.00 (127s)
[typed_s3] upd 80/488 steps 163840 R   -316.3 prod    0.6 traf  183.1 evid    0.0 crit    0.0 lam 0.00,4.00,0.00,0.00 (126s)
[ppo_s4] upd 80/488 steps 163840 R     -3.8 prod  521.8 traf 1329.7 evid    4.4 crit   62.2 lam 0.00,0.00,0.00,0.00 (125s)
[shaped-b1_s4] upd 60/488 steps 122880 R   -315.4 prod    0.0 traf  199.8 evid    0.0 crit    0.0 lam 0.00,0.00,0.00,0.00 (98s)
[shield_s3] upd 100/488 steps 204800 R     -3.6 prod  411.6 traf 1124.4 evid    0.0 crit    0.0 lam 0.00,0.00,0.00,0.00 (158s)
[typed_s3] upd 100/488 steps 204800 R   -272.7 prod    3.2 traf  127.8 evid    0.0 crit    0.0 lam 0.00,5.00,0.00,0.00 (156s)
[ppo_s4] upd 100/488 steps 204800 R    -10.5 prod  214.4 traf  851.4 evid    2.9 crit    6.3 lam 0.00,0.00,0.00,0.00 (156s)
[shaped-b1_s4] upd 80/488 steps 163840 R   -298.5 prod    0.3 traf  201.1 evid    0.4 crit    0.0 lam 0.00,0.00,0.00,0.00 (129s)
[shield_s3] upd 120/488 steps 245760 R     -3.9 prod  414.6 traf 1135.8 evid    0.0 crit    0.0 lam 0.00,0.00,0.00,0.00 (189s)
[typed_s3] upd 120/488 steps 245760 R   -333.6 prod    6.9 traf   57.1 evid    0.0 crit    0.0 lam 0.00,5.78,0.00,0.00 (187s)
[ppo_s4] upd 120/488 steps 245760 R     -5.9 prod  103.4 traf  720.1 evid    3.9 crit    0.0 lam 0.00,0.00,0.00,0.00 (187s)
[shaped-b1_s4] upd 100/488 steps 204800 R   -148.1 prod    2.1 traf  208.5 evid    2.9 crit    0.1 lam 0.00,0.00,0.00,0.00 (160s)
[shield_s3] upd 140/488 steps 286720 R     -1.5 prod  370.7 traf 1115.8 evid    0.0 crit    0.0 lam 0.00,0.00,0.00,0.00 (218s)
[typed_s3] upd 140/488 steps 286720 R   -230.8 prod    5.9 traf   22.5 evid    0.0 crit    0.0 lam 0.00,5.56,0.00,0.00 (217s)
[ppo_s4] upd 140/488 steps 286720 R    -13.8 prod   70.3 traf  600.4 evid    4.7 crit    0.0 lam 0.00,0.00,0.00,0.00 (216s)
[shaped-b1_s4] upd 120/488 steps 245760 R    -45.2 prod    5.1 traf   33.3 evid    4.4 crit    0.0 lam 0.00,0.00,0.00,0.00 (190s)
[shield_s3] upd 160/488 steps 327680 R     -1.4 prod  203.3 traf  859.7 evid    0.0 crit    0.0 lam 0.00,0.00,0.00,0.00 (247s)
[typed_s3] upd 160/488 steps 327680 R   -177.2 prod    6.9 traf   30.1 evid    0.0 crit    0.0 lam 0.00,5.11,0.00,0.00 (246s)
[ppo_s4] upd 160/488 steps 327680 R     -0.4 prod   64.6 traf  548.9 evid    2.1 crit    0.3 lam 0.00,0.00,0.00,0.00 (245s)
[shaped-b1_s4] upd 140/488 steps 286720 R    -30.8 prod    7.0 traf   32.9 evid    6.0 crit    0.0 lam 0.00,0.00,0.00,0.00 (221s)
[shield_s3] upd 180/488 steps 368640 R     -8.1 prod  150.3 traf  732.1 evid    0.0 crit    0.0 lam 0.00,0.00,0.00,0.00 (277s)
[typed_s3] upd 180/488 steps 368640 R   -184.1 prod    4.7 traf   19.2 evid    0.0 crit    0.0 lam 0.00,4.59,0.00,0.00 (276s)
[ppo_s4] upd 180/488 steps 368640 R     -1.3 prod   62.0 traf  552.3 evid    2.8 crit    0.0 lam 0.00,0.00,0.00,0.00 (275s)
[shaped-b1_s4] upd 160/488 steps 327680 R     -7.7 prod    0.6 traf   11.7 evid    2.5 crit    0.0 lam 0.00,0.00,0.00,0.00 (252s)
[shield_s3] upd 200/488 steps 409600 R     -1.4 prod   48.1 traf  533.7 evid    0.0 crit    0.0 lam 0.00,0.00,0.00,0.00 (308s)
[typed_s3] upd 200/488 steps 409600 R   -193.3 prod    8.3 traf   35.1 evid    0.0 crit    0.0 lam 0.00,4.03,0.00,0.00 (307s)
[ppo_s4] upd 200/488 steps 409600 R    -10.0 prod   69.5 traf  564.5 evid    3.8 crit    0.0 lam 0.00,0.00,0.00,0.00 (304s)
[shield_s3] upd 220/488 steps 450560 R     -1.2 prod   47.5 traf  523.1 evid    0.0 crit    0.0 lam 0.00,0.00,0.00,0.00 (337s)
[shaped-b1_s4] upd 180/488 steps 368640 R    -16.7 prod    2.3 traf   27.8 evid    3.0 crit    0.0 lam 0.00,0.00,0.00,0.00 (283s)
[typed_s3] upd 220/488 steps 450560 R   -151.4 prod    4.8 traf   19.7 evid    0.0 crit    0.0 lam 0.00,3.49,0.00,0.00 (336s)
[ppo_s4] upd 220/488 steps 450560 R     -1.6 prod   71.5 traf  612.7 evid    3.3 crit    0.0 lam 0.00,0.00,0.00,0.00 (332s)
[shield_s3] upd 240/488 steps 491520 R     -1.4 prod   47.1 traf  534.9 evid    0.0 crit    0.0 lam 0.00,0.00,0.00,0.00 (365s)
[shaped-b1_s4] upd 200/488 steps 409600 R    -33.0 prod    5.5 traf   28.6 evid    3.8 crit    0.0 lam 0.00,0.00,0.00,0.00 (314s)
[typed_s3] upd 240/488 steps 491520 R   -129.6 prod    7.2 traf   31.4 evid    0.0 crit    0.0 lam 0.00,2.93,0.00,0.00 (365s)
[ppo_s4] upd 240/488 steps 491520 R     -2.4 prod   64.5 traf  653.9 evid    2.3 crit    0.0 lam 0.00,0.00,0.00,0.00 (361s)
[shield_s3] upd 260/488 steps 532480 R    -37.3 prod   50.8 traf  537.5 evid    0.0 crit    0.0 lam 0.00,0.00,0.00,0.00 (392s)
[shaped-b1_s4] upd 220/488 steps 450560 R    -44.2 prod    6.0 traf   42.4 evid    2.9 crit    0.0 lam 0.00,0.00,0.00,0.00 (343s)
[typed_s3] upd 260/488 steps 532480 R   -126.7 prod    7.0 traf   30.1 evid    0.0 crit    0.0 lam 0.00,2.45,0.00,0.00 (395s)
[ppo_s4] upd 260/488 steps 532480 R     -0.6 prod   62.7 traf  684.9 evid    2.1 crit    0.0 lam 0.00,0.00,0.00,0.00 (390s)
[shield_s3] upd 280/488 steps 573440 R     -1.3 prod   47.4 traf  526.9 evid    0.0 crit    0.0 lam 0.00,0.00,0.00,0.00 (420s)
[shaped-b1_s4] upd 240/488 steps 491520 R    -44.3 prod    8.2 traf   47.8 evid    3.9 crit    0.0 lam 0.00,0.00,0.00,0.00 (372s)
[typed_s3] upd 280/488 steps 573440 R    -49.5 prod    4.6 traf   22.8 evid    0.0 crit    0.0 lam 0.00,2.03,0.00,0.00 (423s)
[ppo_s4] upd 280/488 steps 573440 R     -0.7 prod   60.2 traf  682.8 evid    2.4 crit    0.0 lam 0.00,0.00,0.00,0.00 (418s)
[shield_s3] upd 300/488 steps 614400 R     -0.7 prod   47.7 traf  528.5 evid    0.0 crit    0.0 lam 0.00,0.00,0.00,0.00 (449s)
[typed_s3] upd 300/488 steps 614400 R    -53.4 prod    4.0 traf   20.4 evid    0.0 crit    0.0 lam 0.00,1.73,0.00,0.00 (453s)
[shaped-b1_s4] upd 260/488 steps 532480 R    -42.9 prod    7.0 traf   35.1 evid    3.1 crit    0.0 lam 0.00,0.00,0.00,0.00 (403s)
[ppo_s4] upd 300/488 steps 614400 R     -0.9 prod   71.8 traf  658.9 evid    2.0 crit    0.0 lam 0.00,0.00,0.00,0.00 (447s)
[shield_s3] upd 320/488 steps 655360 R     -1.3 prod   47.8 traf  526.1 evid    0.0 crit    0.0 lam 0.00,0.00,0.00,0.00 (478s)
[typed_s3] upd 320/488 steps 655360 R    -69.5 prod    7.6 traf   36.3 evid    0.0 crit    0.0 lam 0.00,1.37,0.00,0.00 (483s)
[shaped-b1_s4] upd 280/488 steps 573440 R    -40.6 prod    6.9 traf   31.5 evid    3.6 crit    0.0 lam 0.00,0.00,0.00,0.00 (433s)
[ppo_s4] upd 320/488 steps 655360 R     -0.3 prod   60.5 traf  660.9 evid    2.0 crit    0.0 lam 0.00,0.00,0.00,0.00 (476s)
[shield_s3] upd 340/488 steps 696320 R     -0.9 prod   47.5 traf  519.4 evid    0.0 crit    0.0 lam 0.00,0.00,0.00,0.00 (507s)
[shaped-b1_s4] upd 300/488 steps 614400 R    -31.9 prod    4.2 traf   22.8 evid    2.6 crit    0.0 lam 0.00,0.00,0.00,0.00 (462s)
[typed_s3] upd 340/488 steps 696320 R    -61.2 prod    7.3 traf   34.4 evid    0.0 crit    0.0 lam 0.00,1.05,0.00,0.00 (513s)
[ppo_s4] upd 340/488 steps 696320 R     -0.7 prod   59.5 traf  569.3 evid    3.1 crit    0.0 lam 0.00,0.00,0.00,0.00 (506s)
[shield_s3] upd 360/488 steps 737280 R     -1.1 prod   47.7 traf  526.0 evid    0.1 crit    0.0 lam 0.00,0.00,0.00,0.00 (536s)
[typed_s3] upd 360/488 steps 737280 R   -106.2 prod   11.0 traf   47.3 evid    0.0 crit    0.0 lam 0.00,0.84,0.00,0.00 (543s)
[shaped-b1_s4] upd 320/488 steps 655360 R    -30.4 prod    4.2 traf   23.0 evid    2.7 crit    0.0 lam 0.00,0.00,0.00,0.00 (492s)
[ppo_s4] upd 360/488 steps 737280 R     -0.8 prod   62.7 traf  579.6 evid    1.9 crit    0.0 lam 0.00,0.00,0.00,0.00 (534s)
[shield_s3] upd 380/488 steps 778240 R     -1.9 prod   47.7 traf  526.6 evid    0.0 crit    0.0 lam 0.00,0.00,0.00,0.00 (564s)
[typed_s3] upd 380/488 steps 778240 R    -54.7 prod    5.8 traf   29.5 evid    0.0 crit    0.0 lam 0.00,0.59,0.00,0.00 (573s)
[ppo_s4] upd 380/488 steps 778240 R     -0.4 prod   67.2 traf  609.1 evid    1.6 crit    0.0 lam 0.00,0.00,0.00,0.00 (564s)
[shaped-b1_s4] upd 340/488 steps 696320 R    -31.0 prod    5.2 traf   24.7 evid    3.2 crit    0.1 lam 0.00,0.00,0.00,0.00 (523s)
[shield_s3] upd 400/488 steps 819200 R     -1.4 prod   47.9 traf  525.8 evid    0.0 crit    0.0 lam 0.00,0.00,0.00,0.00 (594s)
[ppo_s4] upd 400/488 steps 819200 R     -1.2 prod   61.4 traf  562.3 evid    2.0 crit    0.0 lam 0.00,0.00,0.00,0.00 (592s)
[typed_s3] upd 400/488 steps 819200 R    -62.9 prod    6.3 traf   35.9 evid    0.0 crit    0.0 lam 0.00,0.37,0.00,0.00 (603s)
[shaped-b1_s4] upd 360/488 steps 737280 R    -51.1 prod    6.2 traf   28.7 evid    2.3 crit    0.0 lam 0.00,0.00,0.00,0.00 (554s)
[shield_s3] upd 420/488 steps 860160 R     -1.3 prod   47.5 traf  524.4 evid    0.0 crit    0.0 lam 0.00,0.00,0.00,0.00 (622s)
[ppo_s4] upd 420/488 steps 860160 R     -0.9 prod   59.4 traf  563.0 evid    2.2 crit    0.0 lam 0.00,0.00,0.00,0.00 (621s)
[typed_s3] upd 420/488 steps 860160 R    -59.1 prod    8.9 traf   48.4 evid    0.0 crit    0.0 lam 0.00,0.19,0.00,0.00 (632s)
[shaped-b1_s4] upd 380/488 steps 778240 R    -20.8 prod    3.3 traf   17.7 evid    2.0 crit    0.0 lam 0.00,0.00,0.00,0.00 (585s)
[shield_s3] upd 440/488 steps 901120 R     -1.3 prod   47.7 traf  526.6 evid    0.0 crit    0.0 lam 0.00,0.00,0.00,0.00 (652s)
[ppo_s4] upd 440/488 steps 901120 R     -0.7 prod   60.1 traf  564.6 evid    2.7 crit    0.0 lam 0.00,0.00,0.00,0.00 (651s)
[typed_s3] upd 440/488 steps 901120 R    -53.5 prod    7.8 traf   47.2 evid    0.0 crit    0.0 lam 0.00,0.16,0.00,0.00 (662s)
[shaped-b1_s4] upd 400/488 steps 819200 R    -32.5 prod    4.6 traf   20.3 evid    2.3 crit    0.0 lam 0.00,0.00,0.00,0.00 (615s)
[shield_s3] upd 460/488 steps 942080 R     -2.5 prod   47.1 traf  525.0 evid    0.0 crit    0.0 lam 0.00,0.00,0.00,0.00 (681s)
[ppo_s4] upd 460/488 steps 942080 R     -2.2 prod   65.3 traf  606.7 evid    4.3 crit    0.2 lam 0.00,0.00,0.00,0.00 (680s)
[typed_s3] upd 460/488 steps 942080 R    -85.9 prod   11.0 traf   64.7 evid    0.0 crit    0.0 lam 0.11,0.37,0.00,0.00 (692s)
[shaped-b1_s4] upd 420/488 steps 860160 R    -34.3 prod    4.3 traf   20.7 evid    2.9 crit    0.0 lam 0.00,0.00,0.00,0.00 (643s)
[shield_s3] upd 480/488 steps 983040 R     -1.4 prod   46.8 traf  531.0 evid    0.0 crit    0.0 lam 0.00,0.00,0.00,0.00 (709s)
[shield_s3] upd 488/488 steps 999424 R     -1.4 prod   46.7 traf  528.5 evid    0.0 crit    0.0 lam 0.00,0.00,0.00,0.00 (720s)
done shield_s3
[ppo_s4] upd 480/488 steps 983040 R     -1.0 prod   60.4 traf  654.3 evid    1.7 crit    0.0 lam 0.00,0.00,0.00,0.00 (708s)
[typed_s3] upd 480/488 steps 983040 R    -53.6 prod    8.0 traf   49.2 evid    0.0 crit    0.0 lam 0.02,0.47,0.00,0.00 (721s)
[shaped-b1_s4] upd 440/488 steps 901120 R    -29.0 prod    3.2 traf   15.1 evid    2.1 crit    0.0 lam 0.00,0.00,0.00,0.00 (673s)
[ppo_s4] upd 488/488 steps 999424 R     -0.8 prod   57.0 traf  624.0 evid    1.9 crit    0.0 lam 0.00,0.00,0.00,0.00 (719s)
done ppo_s4
[typed_s3] upd 488/488 steps 999424 R    -45.5 prod    6.8 traf   44.9 evid    0.0 crit    0.0 lam 0.00,0.49,0.00,0.00 (733s)
done typed_s3
[lag_s4] upd 20/488 steps 40960 R   -337.5 prod  126.8 traf  539.4 evid   14.6 crit    8.2 lam 1.00,1.00,1.00,1.00 (29s)
[shaped-b1_s4] upd 460/488 steps 942080 R    -57.5 prod    6.9 traf   30.8 evid    4.0 crit    0.0 lam 0.00,0.00,0.00,0.00 (704s)
[shield_s4] upd 20/488 steps 40960 R   -117.0 prod  412.2 traf 1126.6 evid    0.1 crit    0.0 lam 0.00,0.00,0.00,0.00 (31s)
[typed_s4] upd 20/488 steps 40960 R   -367.8 prod  125.9 traf  628.2 evid    0.1 crit    0.0 lam 1.00,1.00,0.00,0.00 (30s)
[lag_s4] upd 40/488 steps 81920 R   -210.5 prod    7.9 traf  209.1 evid    7.6 crit    0.3 lam 1.78,2.00,2.00,1.56 (58s)
[shaped-b1_s4] upd 480/488 steps 983040 R    -45.1 prod    5.2 traf   28.4 evid    2.7 crit    0.0 lam 0.00,0.00,0.00,0.00 (734s)
[shield_s4] upd 40/488 steps 81920 R    -40.1 prod  399.1 traf 1111.4 evid    0.0 crit    0.0 lam 0.00,0.00,0.00,0.00 (61s)
[typed_s4] upd 40/488 steps 81920 R   -311.0 prod    1.3 traf  203.4 evid    0.0 crit    0.0 lam 1.35,2.00,0.00,0.00 (60s)
[shaped-b1_s4] upd 488/488 steps 999424 R    -30.6 prod    2.7 traf   16.5 evid    2.2 crit    0.0 lam 0.00,0.00,0.00,0.00 (746s)
done shaped-b1_s4
[lag_s4] upd 60/488 steps 122880 R    -68.8 prod    5.1 traf   68.2 evid    9.9 crit    0.0 lam 1.42,2.86,3.00,1.59 (87s)
[shield_s4] upd 60/488 steps 122880 R     -8.4 prod  232.5 traf  906.7 evid    0.0 crit    0.0 lam 0.00,0.00,0.00,0.00 (91s)
[typed_s4] upd 60/488 steps 122880 R   -314.4 prod    0.0 traf  195.4 evid    0.0 crit    0.0 lam 0.38,3.00,0.00,0.00 (89s)
[ppo_s5] upd 20/488 steps 40960 R    -24.8 prod  524.4 traf 1449.6 evid   13.0 crit   94.1 lam 0.00,0.00,0.00,0.00 (31s)
[lag_s4] upd 80/488 steps 163840 R    -63.8 prod    4.9 traf   66.3 evid    9.9 crit    0.0 lam 1.04,3.29,4.00,1.63 (115s)
[shield_s4] upd 80/488 steps 163840 R     -3.4 prod  121.2 traf  776.8 evid    0.0 crit    0.0 lam 0.00,0.00,0.00,0.00 (120s)
[typed_s4] upd 80/488 steps 163840 R   -356.8 prod    0.0 traf  192.3 evid    0.0 crit    0.0 lam 0.00,4.00,0.00,0.00 (117s)
[ppo_s5] upd 40/488 steps 81920 R     -3.9 prod  439.3 traf 1353.3 evid   10.7 crit   76.7 lam 0.00,0.00,0.00,0.00 (63s)
[lag_s4] upd 100/488 steps 204800 R    -42.1 prod    7.9 traf   38.0 evid    6.8 crit    0.0 lam 0.68,3.24,5.00,1.64 (144s)
[shield_s4] upd 100/488 steps 204800 R     -1.8 prod   54.9 traf  640.6 evid    0.0 crit    0.0 lam 0.00,0.00,0.00,0.00 (150s)
[typed_s4] upd 100/488 steps 204800 R   -525.6 prod    0.3 traf  100.9 evid    0.0 crit    0.0 lam 0.00,5.00,0.00,0.00 (147s)
[lag_s4] upd 120/488 steps 245760 R    -41.3 prod    6.1 traf   36.9 evid    5.0 crit    0.0 lam 0.30,2.93,6.00,1.64 (172s)
[ppo_s5] upd 60/488 steps 122880 R     -3.3 prod  702.0 traf 1419.4 evid    4.5 crit   84.6 lam 0.00,0.00,0.00,0.00 (94s)
[typed_s4] upd 120/488 steps 245760 R   -516.5 prod    0.5 traf    9.8 evid    0.0 crit    0.0 lam 0.00,4.94,0.00,0.00 (176s)
[shield_s4] upd 120/488 steps 245760 R     -1.4 prod   52.7 traf  541.0 evid    0.0 crit    0.0 lam 0.00,0.00,0.00,0.00 (180s)
[lag_s4] upd 140/488 steps 286720 R    -52.7 prod    9.6 traf   43.3 evid    6.4 crit    0.0 lam 0.00,2.59,7.00,1.65 (201s)
[ppo_s5] upd 80/488 steps 163840 R     -2.9 prod  704.3 traf 1451.6 evid    4.5 crit   90.5 lam 0.00,0.00,0.00,0.00 (126s)
[typed_s4] upd 140/488 steps 286720 R   -467.3 prod    3.9 traf   16.1 evid    0.0 crit    0.0 lam 0.00,4.08,0.00,0.00 (205s)
[shield_s4] upd 140/488 steps 286720 R     -2.2 prod   48.9 traf  627.2 evid    0.0 crit    0.0 lam 0.00,0.00,0.00,0.00 (209s)
[lag_s4] upd 160/488 steps 327680 R     -2.7 prod    0.9 traf   16.6 evid    3.2 crit    0.0 lam 0.00,2.15,8.00,1.65 (229s)
[ppo_s5] upd 100/488 steps 204800 R     -2.6 prod  737.3 traf 1438.0 evid    5.2 crit   90.2 lam 0.00,0.00,0.00,0.00 (157s)
[typed_s4] upd 160/488 steps 327680 R   -266.1 prod    8.7 traf   35.5 evid    0.0 crit    0.0 lam 0.00,3.70,0.00,0.00 (234s)
[shield_s4] upd 160/488 steps 327680 R     -1.0 prod   48.0 traf  651.6 evid    0.0 crit    0.0 lam 0.00,0.00,0.00,0.00 (238s)
[lag_s4] upd 180/488 steps 368640 R    -10.0 prod    2.0 traf   13.0 evid    3.3 crit    0.0 lam 0.00,1.69,9.00,1.66 (259s)
[ppo_s5] upd 120/488 steps 245760 R     -1.7 prod  705.8 traf 1390.1 evid    4.1 crit   84.1 lam 0.00,0.00,0.00,0.00 (188s)
[typed_s4] upd 180/488 steps 368640 R   -177.0 prod    3.1 traf   12.6 evid    0.0 crit    0.0 lam 0.00,3.24,0.00,0.00 (264s)
[shield_s4] upd 180/488 steps 368640 R     -1.3 prod   47.0 traf  658.2 evid    0.0 crit    0.0 lam 0.00,0.00,0.00,0.00 (268s)
[lag_s4] upd 200/488 steps 409600 R    -35.0 prod    8.3 traf   37.6 evid    5.0 crit    0.0 lam 0.00,1.22,10.00,1.67 (288s)
[ppo_s5] upd 140/488 steps 286720 R     -1.1 prod  756.7 traf 1443.4 evid    2.6 crit   90.3 lam 0.00,0.00,0.00,0.00 (219s)
[typed_s4] upd 200/488 steps 409600 R   -215.4 prod    4.0 traf   16.5 evid    0.0 crit    0.0 lam 0.00,2.56,0.00,0.00 (294s)
[shield_s4] upd 200/488 steps 409600 R     -1.7 prod   45.7 traf  649.4 evid    0.0 crit    0.0 lam 0.00,0.00,0.00,0.00 (298s)
[lag_s4] upd 220/488 steps 450560 R    -26.7 prod    4.0 traf   22.5 evid    3.8 crit    0.0 lam 0.00,0.86,11.00,1.71 (317s)
[ppo_s5] upd 160/488 steps 327680 R     -1.9 prod  763.8 traf 1437.0 evid    2.4 crit   89.2 lam 0.00,0.00,0.00,0.00 (250s)
[shield_s4] upd 220/488 steps 450560 R     -1.9 prod   46.4 traf  603.0 evid    0.0 crit    0.0 lam 0.00,0.00,0.00,0.00 (327s)
[typed_s4] upd 220/488 steps 450560 R   -159.3 prod    4.3 traf   17.7 evid    0.0 crit    0.0 lam 0.00,1.92,0.00,0.00 (324s)
[lag_s4] upd 240/488 steps 491520 R    -53.0 prod    9.7 traf   51.3 evid    4.3 crit    0.0 lam 0.00,0.48,12.00,1.73 (345s)
[ppo_s5] upd 180/488 steps 368640 R     -0.8 prod  759.6 traf 1452.9 evid    2.2 crit   92.1 lam 0.00,0.00,0.00,0.00 (282s)
[shield_s4] upd 240/488 steps 491520 R     -1.6 prod   44.5 traf  589.8 evid    0.0 crit    0.0 lam 0.00,0.00,0.00,0.00 (357s)
[typed_s4] upd 240/488 steps 491520 R   -166.2 prod    2.0 traf    8.1 evid    0.0 crit    0.0 lam 0.00,1.15,0.00,0.00 (354s)
[lag_s4] upd 260/488 steps 532480 R    -26.4 prod    5.6 traf   31.1 evid    3.6 crit    0.1 lam 0.00,0.17,13.00,1.77 (374s)
[ppo_s5] upd 200/488 steps 409600 R     -1.1 prod  749.6 traf 1456.1 evid    3.1 crit   91.5 lam 0.00,0.00,0.00,0.00 (312s)
[shield_s4] upd 260/488 steps 532480 R     -1.4 prod   45.1 traf  589.4 evid    0.4 crit    0.0 lam 0.00,0.00,0.00,0.00 (386s)
[typed_s4] upd 260/488 steps 532480 R   -174.5 prod    4.4 traf   16.9 evid    0.1 crit    0.0 lam 0.00,0.44,0.00,0.00 (383s)
[lag_s4] upd 280/488 steps 573440 R    -37.4 prod    8.1 traf   46.2 evid    3.4 crit    0.0 lam 0.00,0.10,14.00,1.85 (402s)
[ppo_s5] upd 220/488 steps 450560 R     -1.8 prod  736.3 traf 1475.0 evid    4.0 crit   95.4 lam 0.00,0.00,0.00,0.00 (344s)
[shield_s4] upd 280/488 steps 573440 R     -2.3 prod   43.0 traf  599.2 evid    0.4 crit    0.0 lam 0.00,0.00,0.00,0.00 (417s)
[typed_s4] upd 280/488 steps 573440 R   -128.4 prod    5.5 traf   22.9 evid    0.0 crit    0.0 lam 0.00,0.00,0.00,0.00 (413s)
[lag_s4] upd 300/488 steps 614400 R    -40.3 prod    8.1 traf   51.7 evid    3.2 crit    0.0 lam 0.15,0.39,15.00,2.12 (431s)
[ppo_s5] upd 240/488 steps 491520 R     -1.0 prod  749.6 traf 1466.2 evid    2.6 crit   95.1 lam 0.00,0.00,0.00,0.00 (375s)
[typed_s4] upd 300/488 steps 614400 R   -138.5 prod   17.1 traf   71.1 evid    0.1 crit    0.0 lam 0.06,0.02,0.00,0.00 (442s)
[shield_s4] upd 300/488 steps 614400 R     -2.3 prod   36.0 traf  596.6 evid    0.8 crit    0.0 lam 0.00,0.00,0.00,0.00 (446s)
[lag_s4] upd 320/488 steps 655360 R    -41.9 prod    8.0 traf   41.5 evid    2.8 crit    0.0 lam 0.00,0.20,16.00,2.18 (459s)
[ppo_s5] upd 260/488 steps 532480 R     -0.7 prod  744.4 traf 1452.7 evid    1.5 crit   93.8 lam 0.00,0.00,0.00,0.00 (408s)
[typed_s4] upd 320/488 steps 655360 R    -86.6 prod   10.7 traf   54.7 evid    0.0 crit    0.0 lam 0.23,0.25,0.00,0.00 (472s)
[lag_s4] upd 340/488 steps 696320 R    -53.9 prod    8.5 traf   48.5 evid    2.5 crit    0.2 lam 0.01,0.16,17.00,2.37 (488s)
[shield_s4] upd 320/488 steps 655360 R     -1.4 prod   45.5 traf  540.2 evid    0.2 crit    0.0 lam 0.00,0.00,0.00,0.00 (477s)
[typed_s4] upd 340/488 steps 696320 R    -56.8 prod    6.1 traf   29.0 evid    0.0 crit    0.0 lam 0.10,0.09,0.00,0.00 (501s)
[lag_s4] upd 360/488 steps 737280 R    -62.2 prod   13.1 traf   55.8 evid    1.9 crit    0.4 lam 0.19,0.37,18.00,2.58 (517s)
[shield_s4] upd 340/488 steps 696320 R     -1.7 prod   47.4 traf  529.4 evid    0.0 crit    0.0 lam 0.00,0.00,0.00,0.00 (507s)
[ppo_s5] upd 280/488 steps 573440 R     -0.4 prod  643.0 traf 1427.7 evid    2.1 crit   90.9 lam 0.00,0.00,0.00,0.00 (440s)
[lag_s4] upd 380/488 steps 778240 R    -28.7 prod    5.8 traf   31.2 evid    1.2 crit    0.1 lam 0.24,0.42,19.00,2.67 (547s)
[typed_s4] upd 360/488 steps 737280 R    -62.2 prod    9.0 traf   43.2 evid    0.0 crit    0.0 lam 0.00,0.00,0.00,0.00 (531s)
[shield_s4] upd 360/488 steps 737280 R     -1.1 prod   47.4 traf  526.3 evid    0.0 crit    0.0 lam 0.00,0.00,0.00,0.00 (537s)
[ppo_s5] upd 300/488 steps 614400 R     -2.1 prod  587.5 traf 1450.3 evid    2.5 crit   92.9 lam 0.00,0.00,0.00,0.00 (472s)
[lag_s4] upd 400/488 steps 819200 R    -42.4 prod    8.8 traf   43.2 evid    0.4 crit    0.1 lam 0.18,0.41,19.67,2.86 (576s)
[typed_s4] upd 380/488 steps 778240 R    -47.1 prod    8.7 traf   50.9 evid    0.0 crit    0.0 lam 0.00,0.02,0.00,0.00 (562s)
[shield_s4] upd 380/488 steps 778240 R     -0.8 prod   47.8 traf  527.6 evid    0.0 crit    0.0 lam 0.00,0.00,0.00,0.00 (567s)
[ppo_s5] upd 320/488 steps 655360 R     -0.7 prod  588.4 traf 1458.1 evid    1.9 crit   93.9 lam 0.00,0.00,0.00,0.00 (504s)
[lag_s4] upd 420/488 steps 860160 R    -62.6 prod   11.5 traf   61.2 evid    0.4 crit    0.1 lam 0.30,0.61,20.19,3.13 (605s)
[typed_s4] upd 400/488 steps 819200 R    -34.3 prod    7.4 traf   40.4 evid    0.0 crit    0.0 lam 0.06,0.38,0.00,0.00 (591s)
[shield_s4] upd 400/488 steps 819200 R     -0.8 prod   51.2 traf  532.4 evid    0.0 crit    0.0 lam 0.00,0.00,0.00,0.00 (596s)
[ppo_s5] upd 340/488 steps 696320 R     -1.2 prod  632.6 traf 1442.2 evid    3.0 crit   92.0 lam 0.00,0.00,0.00,0.00 (536s)
[lag_s4] upd 440/488 steps 901120 R    -50.8 prod    7.2 traf   38.0 evid    0.1 crit    0.0 lam 0.24,0.59,20.54,3.18 (633s)
[typed_s4] upd 420/488 steps 860160 R    -51.4 prod    6.6 traf   34.1 evid    0.0 crit    0.0 lam 0.00,0.16,0.00,0.00 (620s)
[shield_s4] upd 420/488 steps 860160 R     -1.4 prod   47.4 traf  538.1 evid    0.0 crit    0.0 lam 0.00,0.00,0.00,0.00 (625s)
[ppo_s5] upd 360/488 steps 737280 R     -1.0 prod  564.9 traf 1411.5 evid    2.9 crit   87.3 lam 0.00,0.00,0.00,0.00 (568s)
[lag_s4] upd 460/488 steps 942080 R    -86.2 prod   10.7 traf   52.5 evid    0.2 crit    0.0 lam 0.02,0.42,20.77,3.22 (662s)
[typed_s4] upd 440/488 steps 901120 R    -23.8 prod    5.3 traf   24.6 evid    0.0 crit    0.0 lam 0.00,0.00,0.00,0.00 (650s)
[shield_s4] upd 440/488 steps 901120 R     -0.7 prod   47.6 traf  576.7 evid    0.0 crit    0.0 lam 0.00,0.00,0.00,0.00 (655s)
[ppo_s5] upd 380/488 steps 778240 R     -0.4 prod  598.0 traf 1422.3 evid    2.0 crit   89.2 lam 0.00,0.00,0.00,0.00 (601s)
[lag_s4] upd 480/488 steps 983040 R    -84.5 prod   13.5 traf   69.8 evid    1.2 crit    0.4 lam 0.02,0.36,21.15,3.32 (691s)
[shield_s4] upd 460/488 steps 942080 R     -1.7 prod   49.2 traf  543.8 evid    0.0 crit    0.0 lam 0.00,0.00,0.00,0.00 (683s)
[typed_s4] upd 460/488 steps 942080 R    -84.2 prod   16.4 traf  104.6 evid    0.0 crit    0.0 lam 0.10,0.26,0.00,0.00 (680s)
[lag_s4] upd 488/488 steps 999424 R    -36.7 prod    8.2 traf   78.2 evid    0.3 crit    0.4 lam 0.01,0.66,21.34,3.42 (703s)
done lag_s4
[ppo_s5] upd 400/488 steps 819200 R     -0.8 prod  618.8 traf 1421.0 evid    1.9 crit   87.2 lam 0.00,0.00,0.00,0.00 (631s)
[shield_s4] upd 480/488 steps 983040 R     -2.1 prod   49.3 traf  532.1 evid    0.1 crit    0.0 lam 0.00,0.00,0.00,0.00 (712s)
[typed_s4] upd 480/488 steps 983040 R    -44.2 prod   10.0 traf   41.8 evid    0.1 crit    0.0 lam 0.19,0.61,0.00,0.00 (709s)
[shaped-b1_s5] upd 20/488 steps 40960 R   -885.3 prod   22.7 traf  111.8 evid    5.0 crit    0.0 lam 0.00,0.00,0.00,0.00 (28s)
[shield_s4] upd 488/488 steps 999424 R     -1.6 prod   47.9 traf  527.3 evid    0.0 crit    0.0 lam 0.00,0.00,0.00,0.00 (724s)
done shield_s4
[typed_s4] upd 488/488 steps 999424 R    -26.0 prod    3.9 traf   24.1 evid    0.0 crit    0.0 lam 0.12,0.55,0.00,0.00 (721s)
done typed_s4
[ppo_s5] upd 420/488 steps 860160 R     -0.4 prod  633.5 traf 1419.0 evid    1.9 crit   88.1 lam 0.00,0.00,0.00,0.00 (663s)
[shaped-b1_s5] upd 40/488 steps 81920 R   -869.7 prod   23.3 traf  117.9 evid    6.0 crit    0.1 lam 0.00,0.00,0.00,0.00 (57s)
[lag_s5] upd 20/488 steps 40960 R   -321.6 prod  116.6 traf  614.4 evid    5.8 crit   20.3 lam 1.00,1.00,1.00,1.00 (30s)
[shield_s5] upd 20/488 steps 40960 R    -68.4 prod  338.6 traf 1137.4 evid    0.1 crit    0.0 lam 0.00,0.00,0.00,0.00 (30s)
[ppo_s5] upd 440/488 steps 901120 R     -0.5 prod  679.8 traf 1415.6 evid    1.8 crit   85.1 lam 0.00,0.00,0.00,0.00 (694s)
[shaped-b1_s5] upd 60/488 steps 122880 R   -303.4 prod   13.9 traf  238.1 evid    5.1 crit    0.0 lam 0.00,0.00,0.00,0.00 (85s)
[lag_s5] upd 40/488 steps 81920 R   -317.2 prod    1.4 traf  204.1 evid    0.3 crit    0.0 lam 1.31,2.00,1.80,1.51 (60s)
[shield_s5] upd 40/488 steps 81920 R    -17.0 prod  287.8 traf 1057.6 evid    0.1 crit    0.0 lam 0.00,0.00,0.00,0.00 (59s)
[ppo_s5] upd 460/488 steps 942080 R     -0.8 prod  635.2 traf 1418.8 evid    3.1 crit   87.4 lam 0.00,0.00,0.00,0.00 (725s)
[shaped-b1_s5] upd 80/488 steps 163840 R   -192.3 prod    7.8 traf  161.1 evid    6.1 crit    0.0 lam 0.00,0.00,0.00,0.00 (114s)
[lag_s5] upd 60/488 steps 122880 R   -243.9 prod    3.9 traf  180.5 evid    3.2 crit    0.0 lam 0.43,3.00,2.44,1.59 (89s)
[shield_s5] upd 60/488 steps 122880 R     -5.2 prod  343.7 traf 1104.8 evid    0.0 crit    0.0 lam 0.00,0.00,0.00,0.00 (90s)
[ppo_s5] upd 480/488 steps 983040 R     -0.9 prod  547.1 traf 1371.1 evid    1.8 crit   80.1 lam 0.00,0.00,0.00,0.00 (756s)
[shaped-b1_s5] upd 100/488 steps 204800 R    -29.6 prod    9.0 traf   49.4 evid    6.2 crit    0.0 lam 0.00,0.00,0.00,0.00 (144s)
[ppo_s5] upd 488/488 steps 999424 R     -0.8 prod  515.9 traf 1401.6 evid    1.9 crit   87.4 lam 0.00,0.00,0.00,0.00 (769s)
done ppo_s5
[lag_s5] upd 80/488 steps 163840 R   -137.9 prod    7.7 traf  109.0 evid    8.2 crit    0.0 lam 0.08,4.00,3.44,1.59 (119s)
[shield_s5] upd 80/488 steps 163840 R     -3.3 prod  174.0 traf  898.5 evid    0.1 crit    0.0 lam 0.00,0.00,0.00,0.00 (121s)
[shaped-b1_s5] upd 120/488 steps 245760 R    -19.7 prod    4.8 traf   25.6 evid    5.1 crit    0.0 lam 0.00,0.00,0.00,0.00 (175s)
[typed_s5] upd 20/488 steps 40960 R   -596.6 prod   97.9 traf  528.0 evid    0.0 crit    0.0 lam 1.00,1.00,0.00,0.00 (35s)
[lag_s5] upd 100/488 steps 204800 R    -45.1 prod   12.2 traf   62.4 evid   10.2 crit    0.0 lam 0.11,4.53,4.44,1.64 (151s)
[shield_s5] upd 100/488 steps 204800 R     -2.6 prod  151.5 traf  892.0 evid    0.0 crit    0.0 lam 0.00,0.00,0.00,0.00 (153s)
[shaped-b1_s5] upd 140/488 steps 286720 R    -23.6 prod    5.6 traf   25.8 evid    3.4 crit    0.0 lam 0.00,0.00,0.00,0.00 (204s)
[lag_s5] upd 120/488 steps 245760 R    -30.7 prod    2.9 traf   24.8 evid    4.1 crit    0.0 lam 0.00,4.12,5.44,1.64 (181s)
[typed_s5] upd 40/488 steps 81920 R   -316.5 prod    0.9 traf  202.2 evid    0.0 crit    0.0 lam 1.29,2.00,0.00,0.00 (68s)
[shield_s5] upd 120/488 steps 245760 R     -2.5 prod  100.5 traf  815.1 evid    0.0 crit    0.0 lam 0.00,0.00,0.00,0.00 (183s)
[shaped-b1_s5] upd 160/488 steps 327680 R    -25.5 prod    3.9 traf   19.9 evid    2.9 crit    0.0 lam 0.00,0.00,0.00,0.00 (233s)
[lag_s5] upd 140/488 steps 286720 R    -32.1 prod    5.3 traf   25.6 evid    3.6 crit    0.0 lam 0.00,3.70,6.44,1.64 (212s)
[shield_s5] upd 140/488 steps 286720 R     -1.0 prod  208.4 traf 1023.5 evid    0.0 crit    0.0 lam 0.00,0.00,0.00,0.00 (213s)
[typed_s5] upd 60/488 steps 122880 R   -305.6 prod    0.3 traf  192.1 evid    0.0 crit    0.0 lam 0.32,3.00,0.00,0.00 (102s)
[shaped-b1_s5] upd 180/488 steps 368640 R    -21.3 prod    4.7 traf   21.3 evid    2.4 crit    0.0 lam 0.00,0.00,0.00,0.00 (263s)
[lag_s5] upd 160/488 steps 327680 R    -27.2 prod    4.8 traf   22.7 evid    3.6 crit    0.0 lam 0.00,3.31,7.44,1.67 (241s)
[shield_s5] upd 160/488 steps 327680 R     -1.5 prod  317.6 traf 1245.1 evid    0.0 crit    0.0 lam 0.00,0.00,0.00,0.00 (242s)
[typed_s5] upd 80/488 steps 163840 R   -312.8 prod    5.8 traf  130.8 evid    0.0 crit    0.0 lam 0.00,4.00,0.00,0.00 (134s)
[shaped-b1_s5] upd 200/488 steps 409600 R    -34.9 prod    6.0 traf   31.5 evid    3.3 crit    0.0 lam 0.00,0.00,0.00,0.00 (292s)
[lag_s5] upd 180/488 steps 368640 R    -43.3 prod    4.1 traf   19.2 evid    2.8 crit    0.0 lam 0.00,2.85,8.44,1.72 (270s)
[shield_s5] upd 180/488 steps 368640 R     -1.5 prod  468.6 traf 1337.1 evid    0.0 crit    0.0 lam 0.00,0.00,0.00,0.00 (270s)
[typed_s5] upd 100/488 steps 204800 R   -315.6 prod   10.3 traf   68.0 evid    0.0 crit    0.0 lam 0.02,4.62,0.00,0.00 (166s)
[shaped-b1_s5] upd 220/488 steps 450560 R    -35.7 prod    7.1 traf   31.9 evid    3.0 crit    0.0 lam 0.00,0.00,0.00,0.00 (320s)
[lag_s5] upd 200/488 steps 409600 R    -31.6 prod    5.2 traf   25.4 evid    3.6 crit    0.0 lam 0.00,2.41,9.44,1.73 (299s)
[shield_s5] upd 200/488 steps 409600 R     -1.3 prod  490.7 traf 1313.7 evid    0.0 crit    0.0 lam 0.00,0.00,0.00,0.00 (299s)
[typed_s5] upd 120/488 steps 245760 R   -259.2 prod    6.2 traf   26.0 evid    0.0 crit    0.0 lam 0.00,4.35,0.00,0.00 (198s)
[shaped-b1_s5] upd 240/488 steps 491520 R    -15.6 prod    3.2 traf   19.3 evid    4.3 crit    0.0 lam 0.00,0.00,0.00,0.00 (349s)
[lag_s5] upd 220/488 steps 450560 R    -42.6 prod    8.2 traf   35.1 evid    3.5 crit    0.0 lam 0.00,1.91,10.44,1.77 (327s)
[shield_s5] upd 220/488 steps 450560 R     -3.3 prod  542.8 traf 1366.2 evid    0.0 crit    0.0 lam 0.00,0.00,0.00,0.00 (327s)
[typed_s5] upd 140/488 steps 286720 R   -190.7 prod    3.8 traf   16.7 evid    0.0 crit    0.0 lam 0.00,3.89,0.00,0.00 (230s)
[shaped-b1_s5] upd 260/488 steps 532480 R    -27.0 prod    3.2 traf   16.3 evid    2.4 crit    0.0 lam 0.00,0.00,0.00,0.00 (378s)
[lag_s5] upd 240/488 steps 491520 R    -15.7 prod    2.9 traf   17.5 evid    3.9 crit    0.0 lam 0.00,1.52,11.44,1.79 (357s)
[shield_s5] upd 240/488 steps 491520 R     -1.9 prod  548.4 traf 1383.7 evid    0.0 crit    0.0 lam 0.00,0.00,0.00,0.00 (356s)
[shaped-b1_s5] upd 280/488 steps 573440 R    -31.6 prod    5.4 traf   23.8 evid    2.8 crit    0.0 lam 0.00,0.00,0.00,0.00 (408s)
[typed_s5] upd 160/488 steps 327680 R   -185.7 prod    0.8 traf    3.2 evid    0.0 crit    0.0 lam 0.00,3.05,0.00,0.00 (263s)
[lag_s5] upd 260/488 steps 532480 R    -61.2 prod    4.8 traf   38.6 evid    3.4 crit    0.0 lam 0.00,1.25,12.44,1.79 (387s)
[shield_s5] upd 260/488 steps 532480 R     -1.5 prod  552.9 traf 1371.3 evid    0.0 crit    0.0 lam 0.00,0.00,0.00,0.00 (386s)
[shaped-b1_s5] upd 300/488 steps 614400 R    -26.7 prod    4.4 traf   20.6 evid    2.8 crit    0.0 lam 0.00,0.00,0.00,0.00 (437s)
[typed_s5] upd 180/488 steps 368640 R   -169.5 prod    0.8 traf    3.0 evid    0.0 crit    0.0 lam 0.00,2.14,0.00,0.00 (296s)
[shield_s5] upd 280/488 steps 573440 R     -1.1 prod  542.1 traf 1365.3 evid    0.0 crit    0.0 lam 0.00,0.00,0.00,0.00 (415s)
[lag_s5] upd 280/488 steps 573440 R    -31.9 prod    3.5 traf   19.3 evid    2.7 crit    0.1 lam 0.00,0.99,13.44,1.81 (417s)
[shaped-b1_s5] upd 320/488 steps 655360 R    -25.0 prod   10.3 traf   39.5 evid    3.6 crit    0.1 lam 0.00,0.00,0.00,0.00 (467s)
[typed_s5] upd 200/488 steps 409600 R   -178.4 prod    0.3 traf    1.3 evid    0.0 crit    0.0 lam 0.00,1.22,0.00,0.00 (329s)
[shield_s5] upd 300/488 steps 614400 R     -1.7 prod  556.4 traf 1390.7 evid    0.0 crit    0.0 lam 0.00,0.00,0.00,0.00 (444s)
[lag_s5] upd 300/488 steps 614400 R    -33.1 prod    6.2 traf   28.8 evid    3.2 crit    0.0 lam 0.00,0.60,14.44,1.87 (447s)
[shaped-b1_s5] upd 340/488 steps 696320 R    -55.2 prod    6.1 traf   27.5 evid    3.8 crit    0.0 lam 0.00,0.00,0.00,0.00 (496s)
[shield_s5] upd 320/488 steps 655360 R     -1.3 prod  568.1 traf 1409.6 evid    0.0 crit    0.0 lam 0.00,0.00,0.00,0.00 (474s)
[typed_s5] upd 220/488 steps 450560 R   -124.2 prod    1.2 traf    4.4 evid    0.0 crit    0.0 lam 0.00,0.28,0.00,0.00 (363s)
[lag_s5] upd 320/488 steps 655360 R    -28.2 prod    4.5 traf   32.0 evid    2.8 crit    0.0 lam 0.00,0.20,15.44,1.89 (478s)
[shaped-b1_s5] upd 360/488 steps 737280 R    -43.7 prod    4.3 traf   22.2 evid    3.2 crit    0.0 lam 0.00,0.00,0.00,0.00 (525s)
[shield_s5] upd 340/488 steps 696320 R     -5.8 prod  569.4 traf 1405.5 evid    0.0 crit    0.0 lam 0.00,0.00,0.00,0.00 (503s)
[lag_s5] upd 340/488 steps 696320 R    -80.1 prod    7.0 traf   69.4 evid    2.9 crit    0.1 lam 0.00,0.21,16.44,1.93 (507s)
[typed_s5] upd 240/488 steps 491520 R   -171.9 prod    1.8 traf    8.4 evid    0.1 crit    0.0 lam 0.00,0.00,0.00,0.00 (396s)
[shaped-b1_s5] upd 380/488 steps 778240 R    -34.1 prod    2.1 traf   13.9 evid    2.9 crit    0.0 lam 0.00,0.00,0.00,0.00 (554s)
[shield_s5] upd 360/488 steps 737280 R     -2.1 prod  563.0 traf 1408.5 evid    0.0 crit    0.0 lam 0.00,0.00,0.00,0.00 (533s)
[lag_s5] upd 360/488 steps 737280 R   -107.2 prod    9.1 traf   96.1 evid    2.5 crit    0.0 lam 0.00,0.45,17.44,2.00 (536s)
[typed_s5] upd 260/488 steps 532480 R   -147.5 prod    0.6 traf    6.3 evid    0.1 crit    0.0 lam 0.00,0.00,0.00,0.00 (429s)
[shaped-b1_s5] upd 400/488 steps 819200 R    -31.2 prod    5.9 traf   27.4 evid    3.5 crit    0.0 lam 0.00,0.00,0.00,0.00 (583s)
[shield_s5] upd 380/488 steps 778240 R     -1.1 prod  565.1 traf 1395.8 evid    0.0 crit    0.0 lam 0.00,0.00,0.00,0.00 (562s)
[lag_s5] upd 380/488 steps 778240 R    -47.0 prod    8.3 traf   42.5 evid    1.9 crit    0.0 lam 0.00,0.30,18.44,2.13 (567s)
[typed_s5] upd 280/488 steps 573440 R   -115.5 prod    4.3 traf   20.2 evid    0.0 crit    0.0 lam 0.00,0.00,0.00,0.00 (462s)
[shaped-b1_s5] upd 420/488 steps 860160 R    -28.1 prod    3.2 traf   16.6 evid    2.5 crit    0.0 lam 0.00,0.00,0.00,0.00 (612s)
[shield_s5] upd 400/488 steps 819200 R     -1.8 prod  584.4 traf 1435.5 evid    0.0 crit    0.0 lam 0.00,0.00,0.00,0.00 (591s)
[lag_s5] upd 400/488 steps 819200 R    -53.1 prod    9.5 traf   51.8 evid    1.6 crit    0.4 lam 0.00,0.16,19.44,2.30 (596s)
[typed_s5] upd 300/488 steps 614400 R   -135.8 prod    6.5 traf   47.7 evid    0.0 crit    0.0 lam 0.00,0.01,0.00,0.00 (494s)
[shaped-b1_s5] upd 440/488 steps 901120 R    -38.0 prod    2.9 traf   16.2 evid    3.4 crit    0.0 lam 0.00,0.00,0.00,0.00 (641s)
[shield_s5] upd 420/488 steps 860160 R     -1.3 prod  581.7 traf 1423.6 evid    0.0 crit    0.0 lam 0.00,0.00,0.00,0.00 (620s)
[lag_s5] upd 420/488 steps 860160 R    -33.6 prod    4.9 traf   32.3 evid    1.0 crit    0.0 lam 0.01,0.63,20.43,2.59 (625s)
[shaped-b1_s5] upd 460/488 steps 942080 R    -27.3 prod    3.4 traf   17.1 evid    3.6 crit    0.0 lam 0.00,0.00,0.00,0.00 (669s)
[typed_s5] upd 320/488 steps 655360 R   -117.4 prod    6.1 traf   18.9 evid    0.0 crit    0.0 lam 0.06,0.00,0.00,0.00 (525s)
[shield_s5] upd 440/488 steps 901120 R     -2.0 prod  577.3 traf 1424.3 evid    0.0 crit    0.0 lam 0.00,0.00,0.00,0.00 (649s)
[lag_s5] upd 440/488 steps 901120 R    -45.9 prod    6.9 traf   39.0 evid    0.7 crit    0.0 lam 0.00,0.57,21.40,2.77 (654s)
[shaped-b1_s5] upd 480/488 steps 983040 R    -19.9 prod    2.3 traf   13.5 evid    2.9 crit    0.0 lam 0.00,0.00,0.00,0.00 (697s)
[typed_s5] upd 340/488 steps 696320 R   -149.1 prod    5.8 traf   27.5 evid    0.2 crit    0.0 lam 0.33,0.00,0.00,0.00 (557s)
[shaped-b1_s5] upd 488/488 steps 999424 R    -31.7 prod    4.0 traf   19.2 evid    2.2 crit    0.0 lam 0.00,0.00,0.00,0.00 (708s)
done shaped-b1_s5
[shield_s5] upd 460/488 steps 942080 R     -1.4 prod  562.9 traf 1391.8 evid    0.0 crit    0.0 lam 0.00,0.00,0.00,0.00 (677s)
[lag_s5] upd 460/488 steps 942080 R    -65.1 prod   10.9 traf   49.7 evid    0.9 crit    0.0 lam 0.00,0.42,22.32,2.80 (683s)
[typed_s5] upd 360/488 steps 737280 R   -120.0 prod    8.1 traf   48.0 evid    0.0 crit    0.0 lam 0.19,0.02,0.00,0.00 (588s)
[shaped-b0.1_s1] upd 20/488 steps 40960 R    -94.2 prod  212.5 traf  911.5 evid   13.6 crit   14.6 lam 0.00,0.00,0.00,0.00 (29s)
[shield_s5] upd 480/488 steps 983040 R     -1.3 prod  546.9 traf 1361.5 evid    0.0 crit    0.0 lam 0.00,0.00,0.00,0.00 (705s)
[lag_s5] upd 480/488 steps 983040 R    -32.3 prod    4.4 traf   33.6 evid    0.4 crit    0.1 lam 0.00,0.27,23.00,2.91 (712s)
[shield_s5] upd 488/488 steps 999424 R     -1.3 prod  552.6 traf 1368.5 evid    0.0 crit    0.0 lam 0.00,0.00,0.00,0.00 (717s)
done shield_s5
[lag_s5] upd 488/488 steps 999424 R    -55.7 prod    8.6 traf   45.8 evid    0.2 crit    0.9 lam 0.00,0.24,23.09,3.01 (724s)
done lag_s5
[typed_s5] upd 380/488 steps 778240 R    -82.2 prod    8.4 traf   45.8 evid    0.0 crit    0.0 lam 0.11,0.10,0.00,0.00 (620s)
[shaped-b0.1_s1] upd 40/488 steps 81920 R    -49.3 prod   38.8 traf  698.1 evid    3.4 crit    0.9 lam 0.00,0.00,0.00,0.00 (59s)
[shaped-b0.3_s1] upd 20/488 steps 40960 R   -241.4 prod   76.3 traf  522.5 evid   16.8 crit    0.3 lam 0.00,0.00,0.00,0.00 (30s)
[shaped-b3_s1] upd 20/488 steps 40960 R  -1127.8 prod    2.0 traf   30.2 evid    0.3 crit    0.0 lam 0.00,0.00,0.00,0.00 (29s)
[shaped-b0.1_s1] upd 60/488 steps 122880 R    -21.6 prod   41.6 traf  552.1 evid    1.7 crit    0.0 lam 0.00,0.00,0.00,0.00 (88s)
[typed_s5] upd 400/488 steps 819200 R    -86.9 prod    8.1 traf   33.1 evid    0.0 crit    0.0 lam 0.00,0.16,0.00,0.00 (652s)
[shaped-b0.3_s1] upd 40/488 steps 81920 R   -303.4 prod    8.0 traf  222.2 evid    1.1 crit    0.0 lam 0.00,0.00,0.00,0.00 (59s)
[shaped-b3_s1] upd 40/488 steps 81920 R  -1123.0 prod    0.3 traf    1.2 evid    0.1 crit    0.0 lam 0.00,0.00,0.00,0.00 (57s)
[shaped-b0.1_s1] upd 80/488 steps 163840 R     -3.8 prod   45.8 traf  530.8 evid    0.0 crit    0.0 lam 0.00,0.00,0.00,0.00 (116s)
[typed_s5] upd 420/488 steps 860160 R    -98.0 prod   12.4 traf   57.2 evid    0.2 crit    0.0 lam 0.01,0.01,0.00,0.00 (685s)
[shaped-b0.3_s1] upd 60/488 steps 122880 R   -111.6 prod   20.2 traf  244.1 evid   14.7 crit    0.0 lam 0.00,0.00,0.00,0.00 (88s)
[shaped-b3_s1] upd 60/488 steps 122880 R  -1143.4 prod    0.2 traf    0.5 evid    0.0 crit    0.0 lam 0.00,0.00,0.00,0.00 (84s)
[shaped-b0.1_s1] upd 100/488 steps 204800 R     -2.7 prod   45.2 traf  508.3 evid    0.3 crit    0.0 lam 0.00,0.00,0.00,0.00 (146s)
[typed_s5] upd 440/488 steps 901120 R    -67.3 prod    5.9 traf   37.5 evid    0.0 crit    0.0 lam 0.05,0.02,0.00,0.00 (717s)
[shaped-b0.3_s1] upd 80/488 steps 163840 R    -31.0 prod   19.4 traf   84.2 evid   13.1 crit    0.0 lam 0.00,0.00,0.00,0.00 (118s)
[shaped-b3_s1] upd 80/488 steps 163840 R  -1140.5 prod    0.1 traf    0.3 evid    0.0 crit    0.0 lam 0.00,0.00,0.00,0.00 (112s)
[shaped-b0.1_s1] upd 120/488 steps 245760 R     -1.7 prod   47.2 traf  503.8 evid    0.0 crit    0.0 lam 0.00,0.00,0.00,0.00 (174s)
[typed_s5] upd 460/488 steps 942080 R    -81.0 prod    4.8 traf   26.3 evid    0.0 crit    0.0 lam 0.00,0.00,0.00,0.00 (749s)
[shaped-b3_s1] upd 100/488 steps 204800 R  -1118.8 prod    0.0 traf    0.7 evid    0.0 crit    0.0 lam 0.00,0.00,0.00,0.00 (139s)
[shaped-b0.3_s1] upd 100/488 steps 204800 R    -26.4 prod   12.8 traf   58.3 evid    6.6 crit    0.1 lam 0.00,0.00,0.00,0.00 (147s)
[shaped-b0.1_s1] upd 140/488 steps 286720 R    -23.2 prod   49.5 traf  512.4 evid    1.8 crit    0.0 lam 0.00,0.00,0.00,0.00 (201s)
[shaped-b3_s1] upd 120/488 steps 245760 R  -1119.9 prod    0.1 traf    0.6 evid    0.0 crit    0.0 lam 0.00,0.00,0.00,0.00 (166s)
[shaped-b0.3_s1] upd 120/488 steps 245760 R    -14.4 prod    4.9 traf   24.4 evid    3.4 crit    0.0 lam 0.00,0.00,0.00,0.00 (175s)
[typed_s5] upd 480/488 steps 983040 R    -52.9 prod    5.1 traf   27.3 evid    0.0 crit    0.0 lam 0.16,0.08,0.00,0.00 (780s)
[shaped-b0.1_s1] upd 160/488 steps 327680 R    -23.9 prod   48.5 traf  518.3 evid    1.8 crit    0.0 lam 0.00,0.00,0.00,0.00 (229s)
[typed_s5] upd 488/488 steps 999424 R    -66.8 prod   11.8 traf   51.4 evid    0.0 crit    0.0 lam 0.11,0.01,0.00,0.00 (793s)
done typed_s5
[shaped-b3_s1] upd 140/488 steps 286720 R  -1064.3 prod    0.0 traf    0.2 evid    0.0 crit    0.0 lam 0.00,0.00,0.00,0.00 (193s)
[shaped-b0.3_s1] upd 140/488 steps 286720 R    -27.9 prod   15.4 traf   60.3 evid    6.4 crit    0.0 lam 0.00,0.00,0.00,0.00 (204s)
[shaped-b0.1_s1] upd 180/488 steps 368640 R     -4.8 prod   47.0 traf  515.4 evid    0.6 crit    0.0 lam 0.00,0.00,0.00,0.00 (257s)
[shaped-b10_s1] upd 20/488 steps 40960 R  -1114.2 prod    0.7 traf    6.9 evid    0.2 crit    0.0 lam 0.00,0.00,0.00,0.00 (30s)
[shaped-b3_s1] upd 160/488 steps 327680 R   -464.4 prod    0.4 traf    2.2 evid    0.3 crit    0.0 lam 0.00,0.00,0.00,0.00 (222s)
[shaped-b0.3_s1] upd 160/488 steps 327680 R    -44.5 prod   13.2 traf   59.1 evid    6.8 crit    0.0 lam 0.00,0.00,0.00,0.00 (232s)
[shaped-b0.1_s1] upd 200/488 steps 409600 R     -5.2 prod   45.8 traf  494.5 evid    0.5 crit    0.0 lam 0.00,0.00,0.00,0.00 (293s)
[shaped-b10_s1] upd 40/488 steps 81920 R  -1115.2 prod    0.0 traf    0.5 evid    0.0 crit    0.0 lam 0.00,0.00,0.00,0.00 (76s)
[shaped-b3_s1] upd 180/488 steps 368640 R   -698.4 prod    0.1 traf    0.7 evid    0.0 crit    0.0 lam 0.00,0.00,0.00,0.00 (276s)
[shaped-b0.3_s1] upd 180/488 steps 368640 R    -63.5 prod   12.2 traf   51.8 evid    4.9 crit    0.0 lam 0.00,0.00,0.00,0.00 (292s)
[shaped-b0.1_s1] upd 220/488 steps 450560 R     -5.3 prod   46.2 traf  492.6 evid    0.2 crit    0.0 lam 0.00,0.00,0.00,0.00 (351s)
[shaped-b10_s1] upd 60/488 steps 122880 R  -1136.8 prod    0.1 traf    0.1 evid    0.0 crit    0.0 lam 0.00,0.00,0.00,0.00 (136s)
[shaped-b3_s1] upd 200/488 steps 409600 R   -591.8 prod    0.4 traf    2.1 evid    0.5 crit    0.0 lam 0.00,0.00,0.00,0.00 (334s)
[shaped-b0.3_s1] upd 200/488 steps 409600 R    -30.9 prod    5.5 traf   27.3 evid    4.2 crit    0.0 lam 0.00,0.00,0.00,0.00 (351s)
[shaped-b0.1_s1] upd 240/488 steps 491520 R     -3.3 prod   44.8 traf  485.1 evid    0.2 crit    0.0 lam 0.00,0.00,0.00,0.00 (408s)
[shaped-b10_s1] upd 80/488 steps 163840 R  -1138.9 prod    0.0 traf    0.1 evid    0.0 crit    0.0 lam 0.00,0.00,0.00,0.00 (197s)
[shaped-b3_s1] upd 220/488 steps 450560 R   -427.6 prod    0.2 traf    1.4 evid    0.1 crit    0.0 lam 0.00,0.00,0.00,0.00 (391s)
[shaped-b0.3_s1] upd 220/488 steps 450560 R    -16.3 prod    3.0 traf   18.4 evid    3.6 crit    0.0 lam 0.00,0.00,0.00,0.00 (409s)
[shaped-b0.1_s1] upd 260/488 steps 532480 R     -5.2 prod   46.6 traf  489.4 evid    0.5 crit    0.0 lam 0.00,0.00,0.00,0.00 (465s)
[shaped-b10_s1] upd 100/488 steps 204800 R  -1115.7 prod    0.0 traf    0.2 evid    0.0 crit    0.0 lam 0.00,0.00,0.00,0.00 (258s)
[shaped-b3_s1] upd 240/488 steps 491520 R   -605.2 prod    0.0 traf    0.1 evid    0.0 crit    0.0 lam 0.00,0.00,0.00,0.00 (449s)
[shaped-b0.3_s1] upd 240/488 steps 491520 R    -24.1 prod    5.7 traf   29.9 evid    5.1 crit    0.0 lam 0.00,0.00,0.00,0.00 (468s)
[shaped-b0.1_s1] upd 280/488 steps 573440 R    -37.4 prod   50.4 traf  506.5 evid    2.0 crit    0.5 lam 0.00,0.00,0.00,0.00 (523s)
[shaped-b10_s1] upd 120/488 steps 245760 R  -1032.8 prod    0.1 traf    0.5 evid    0.0 crit    0.0 lam 0.00,0.00,0.00,0.00 (319s)
[shaped-b3_s1] upd 260/488 steps 532480 R   -411.1 prod    0.1 traf    1.3 evid    0.1 crit    0.0 lam 0.00,0.00,0.00,0.00 (506s)
[shaped-b0.3_s1] upd 260/488 steps 532480 R    -37.1 prod    8.4 traf   39.4 evid    4.8 crit    0.0 lam 0.00,0.00,0.00,0.00 (525s)
[shaped-b0.1_s1] upd 300/488 steps 614400 R     -3.3 prod   44.8 traf  487.7 evid    0.2 crit    0.0 lam 0.00,0.00,0.00,0.00 (580s)
[shaped-b10_s1] upd 140/488 steps 286720 R   -717.7 prod    0.1 traf    1.0 evid    0.0 crit    0.0 lam 0.00,0.00,0.00,0.00 (377s)
[shaped-b3_s1] upd 280/488 steps 573440 R   -486.4 prod    0.0 traf    0.4 evid    0.0 crit    0.0 lam 0.00,0.00,0.00,0.00 (563s)
[shaped-b0.3_s1] upd 280/488 steps 573440 R    -44.4 prod    8.8 traf   41.2 evid    4.9 crit    0.0 lam 0.00,0.00,0.00,0.00 (583s)
[shaped-b0.1_s1] upd 320/488 steps 655360 R     -4.1 prod   45.0 traf  488.5 evid    0.5 crit    0.0 lam 0.00,0.00,0.00,0.00 (635s)
[shaped-b10_s1] upd 160/488 steps 327680 R   -677.9 prod    0.0 traf    0.8 evid    0.0 crit    0.0 lam 0.00,0.00,0.00,0.00 (427s)
[shaped-b3_s1] upd 300/488 steps 614400 R   -401.2 prod    0.6 traf    2.0 evid    0.0 crit    0.0 lam 0.00,0.00,0.00,0.00 (610s)
[shaped-b0.3_s1] upd 300/488 steps 614400 R    -37.2 prod    7.3 traf   67.8 evid    4.5 crit    0.0 lam 0.00,0.00,0.00,0.00 (622s)
[shaped-b0.1_s1] upd 340/488 steps 696320 R     -2.3 prod   42.6 traf  474.5 evid    0.8 crit    0.0 lam 0.00,0.00,0.00,0.00 (669s)
[shaped-b3_s1] upd 320/488 steps 655360 R   -469.1 prod    0.1 traf    0.6 evid    0.0 crit    0.0 lam 0.00,0.00,0.00,0.00 (649s)
[shaped-b10_s1] upd 180/488 steps 368640 R   -786.5 prod    0.0 traf    0.0 evid    0.0 crit    0.0 lam 0.00,0.00,0.00,0.00 (468s)
[shaped-b0.3_s1] upd 320/488 steps 655360 R    -41.0 prod   11.1 traf   48.7 evid    5.4 crit    0.0 lam 0.00,0.00,0.00,0.00 (668s)
[shaped-b0.1_s1] upd 360/488 steps 737280 R     -9.5 prod   39.8 traf  456.8 evid    1.9 crit    0.0 lam 0.00,0.00,0.00,0.00 (719s)
[shaped-b3_s1] upd 340/488 steps 696320 R   -339.1 prod    0.2 traf    1.8 evid    0.0 crit    0.0 lam 0.00,0.00,0.00,0.00 (705s)
[shaped-b10_s1] upd 200/488 steps 409600 R   -533.8 prod    0.0 traf    0.0 evid    0.0 crit    0.0 lam 0.00,0.00,0.00,0.00 (529s)
[shaped-b0.3_s1] upd 340/488 steps 696320 R    -23.9 prod    6.7 traf   31.4 evid    4.0 crit    0.0 lam 0.00,0.00,0.00,0.00 (725s)
[shaped-b0.1_s1] upd 380/488 steps 778240 R     -8.8 prod   21.9 traf  224.1 evid    3.3 crit    0.0 lam 0.00,0.00,0.00,0.00 (778s)
[shaped-b3_s1] upd 360/488 steps 737280 R   -212.3 prod    0.1 traf    1.2 evid    0.0 crit    0.0 lam 0.00,0.00,0.00,0.00 (780s)
[shaped-b10_s1] upd 220/488 steps 450560 R   -402.5 prod    0.0 traf    0.0 evid    0.0 crit    0.0 lam 0.00,0.00,0.00,0.00 (611s)
[shaped-b0.3_s1] upd 360/488 steps 737280 R    -17.3 prod    3.9 traf   17.8 evid    2.4 crit    0.0 lam 0.00,0.00,0.00,0.00 (803s)
[shaped-b0.1_s1] upd 400/488 steps 819200 R    -15.1 prod   17.0 traf  152.9 evid    3.5 crit    0.3 lam 0.00,0.00,0.00,0.00 (857s)
[shaped-b3_s1] upd 380/488 steps 778240 R   -384.2 prod    0.1 traf    0.1 evid    0.0 crit    0.0 lam 0.00,0.00,0.00,0.00 (857s)
[shaped-b10_s1] upd 240/488 steps 491520 R   -587.4 prod    0.0 traf    0.2 evid    0.0 crit    0.0 lam 0.00,0.00,0.00,0.00 (690s)
[shaped-b0.3_s1] upd 380/488 steps 778240 R    -40.9 prod   14.8 traf   61.8 evid    5.6 crit    0.0 lam 0.00,0.00,0.00,0.00 (880s)
[shaped-b0.1_s1] upd 420/488 steps 860160 R    -15.7 prod   12.0 traf  162.4 evid    2.1 crit    0.0 lam 0.00,0.00,0.00,0.00 (934s)
[shaped-b3_s1] upd 400/488 steps 819200 R   -228.0 prod    0.0 traf    0.1 evid    0.0 crit    0.0 lam 0.00,0.00,0.00,0.00 (931s)
[shaped-b0.3_s1] upd 400/488 steps 819200 R    -33.6 prod    7.6 traf   33.5 evid    4.7 crit    0.0 lam 0.00,0.00,0.00,0.00 (955s)
[shaped-b10_s1] upd 260/488 steps 532480 R   -519.2 prod    0.0 traf    0.0 evid    0.0 crit    0.0 lam 0.00,0.00,0.00,0.00 (769s)
[shaped-b0.1_s1] upd 440/488 steps 901120 R     -8.6 prod    9.4 traf  117.1 evid    2.3 crit    0.0 lam 0.00,0.00,0.00,0.00 (1006s)
[shaped-b3_s1] upd 420/488 steps 860160 R   -161.1 prod    0.0 traf    0.0 evid    0.0 crit    0.0 lam 0.00,0.00,0.00,0.00 (996s)
[shaped-b0.3_s1] upd 420/488 steps 860160 R    -44.4 prod   10.1 traf   49.5 evid    4.4 crit    0.0 lam 0.00,0.00,0.00,0.00 (1016s)
[shaped-b10_s1] upd 280/488 steps 573440 R   -485.2 prod    0.0 traf    0.0 evid    0.0 crit    0.0 lam 0.00,0.00,0.00,0.00 (833s)
[shaped-b0.1_s1] upd 460/488 steps 942080 R    -17.3 prod   11.9 traf  139.5 evid    4.5 crit    0.0 lam 0.00,0.00,0.00,0.00 (1065s)
[shaped-b3_s1] upd 440/488 steps 901120 R   -189.4 prod    0.0 traf    0.0 evid    0.0 crit    0.0 lam 0.00,0.00,0.00,0.00 (1050s)
[shaped-b0.3_s1] upd 440/488 steps 901120 R    -20.7 prod    4.7 traf   32.3 evid    3.7 crit    0.0 lam 0.00,0.00,0.00,0.00 (1070s)
[shaped-b0.1_s1] upd 480/488 steps 983040 R    -16.7 prod   13.5 traf  187.5 evid    4.9 crit    0.0 lam 0.00,0.00,0.00,0.00 (1117s)
[shaped-b10_s1] upd 300/488 steps 614400 R   -472.7 prod    0.1 traf    0.2 evid    0.0 crit    0.0 lam 0.00,0.00,0.00,0.00 (889s)
[shaped-b0.1_s1] upd 488/488 steps 999424 R    -13.7 prod   11.9 traf  135.8 evid    3.3 crit    0.0 lam 0.00,0.00,0.00,0.00 (1138s)
done shaped-b0.1_s1
[shaped-b3_s1] upd 460/488 steps 942080 R   -267.1 prod    0.0 traf    0.0 evid    0.0 crit    0.0 lam 0.00,0.00,0.00,0.00 (1104s)
[shaped-b0.3_s1] upd 460/488 steps 942080 R    -59.8 prod   16.5 traf   77.2 evid    5.5 crit    0.0 lam 0.00,0.00,0.00,0.00 (1124s)
[shaped-b10_s1] upd 320/488 steps 655360 R   -504.0 prod    0.0 traf    0.0 evid    0.0 crit    0.0 lam 0.00,0.00,0.00,0.00 (947s)
[shaped-b0.1_s2] upd 20/488 steps 40960 R   -115.6 prod  350.6 traf 1070.6 evid   12.8 crit   43.0 lam 0.00,0.00,0.00,0.00 (55s)
[shaped-b3_s1] upd 480/488 steps 983040 R   -264.4 prod    0.1 traf    0.5 evid    0.1 crit    0.0 lam 0.00,0.00,0.00,0.00 (1160s)
[shaped-b0.3_s1] upd 480/488 steps 983040 R    -51.3 prod   14.6 traf  110.8 evid    6.4 crit    0.0 lam 0.00,0.00,0.00,0.00 (1180s)
[shaped-b3_s1] upd 488/488 steps 999424 R   -183.9 prod    0.0 traf    0.1 evid    0.0 crit    0.0 lam 0.00,0.00,0.00,0.00 (1182s)
done shaped-b3_s1
[shaped-b10_s1] upd 340/488 steps 696320 R   -421.7 prod    0.0 traf    0.4 evid    0.0 crit    0.0 lam 0.00,0.00,0.00,0.00 (1006s)
[shaped-b0.3_s1] upd 488/488 steps 999424 R    -31.3 prod    8.1 traf   49.5 evid    4.4 crit    0.0 lam 0.00,0.00,0.00,0.00 (1202s)
done shaped-b0.3_s1
[shaped-b0.1_s2] upd 40/488 steps 81920 R    -37.6 prod  151.0 traf  801.9 evid    3.9 crit    2.7 lam 0.00,0.00,0.00,0.00 (110s)
[shaped-b0.3_s2] upd 20/488 steps 40960 R   -259.0 prod   76.5 traf  591.6 evid   12.8 crit    6.0 lam 0.00,0.00,0.00,0.00 (55s)
[shaped-b10_s1] upd 360/488 steps 737280 R   -620.9 prod    0.0 traf    0.1 evid    0.0 crit    0.0 lam 0.00,0.00,0.00,0.00 (1064s)
[shaped-b3_s2] upd 20/488 steps 40960 R  -1106.1 prod    4.2 traf   24.9 evid    0.6 crit    0.0 lam 0.00,0.00,0.00,0.00 (54s)
[shaped-b0.1_s2] upd 60/488 steps 122880 R     -6.8 prod   43.8 traf  530.0 evid    2.9 crit    0.0 lam 0.00,0.00,0.00,0.00 (164s)
[shaped-b0.3_s2] upd 40/488 steps 81920 R   -227.7 prod   14.9 traf  235.1 evid    7.1 crit    0.0 lam 0.00,0.00,0.00,0.00 (110s)
[shaped-b3_s2] upd 40/488 steps 81920 R  -1112.7 prod    1.4 traf   12.5 evid    0.3 crit    0.0 lam 0.00,0.00,0.00,0.00 (107s)
[shaped-b10_s1] upd 380/488 steps 778240 R   -475.7 prod    0.0 traf    0.0 evid    0.0 crit    0.0 lam 0.00,0.00,0.00,0.00 (1121s)
[shaped-b0.1_s2] upd 80/488 steps 163840 R     -2.8 prod   42.1 traf  523.2 evid    0.2 crit    0.0 lam 0.00,0.00,0.00,0.00 (218s)
[shaped-b0.3_s2] upd 60/488 steps 122880 R    -35.5 prod   18.5 traf  102.7 evid   14.4 crit    0.0 lam 0.00,0.00,0.00,0.00 (164s)
[shaped-b3_s2] upd 60/488 steps 122880 R  -1140.0 prod    0.2 traf    1.2 evid    0.0 crit    0.0 lam 0.00,0.00,0.00,0.00 (160s)
[shaped-b0.1_s2] upd 100/488 steps 204800 R     -7.3 prod   14.0 traf  524.1 evid    0.7 crit    0.0 lam 0.00,0.00,0.00,0.00 (271s)
[shaped-b10_s1] upd 400/488 steps 819200 R   -465.7 prod    0.0 traf    0.0 evid    0.0 crit    0.0 lam 0.00,0.00,0.00,0.00 (1179s)
[shaped-b0.3_s2] upd 80/488 steps 163840 R    -31.9 prod   16.6 traf   75.3 evid    9.3 crit    0.0 lam 0.00,0.00,0.00,0.00 (218s)
[shaped-b3_s2] upd 80/488 steps 163840 R  -1139.2 prod    0.0 traf    0.0 evid    0.0 crit    0.0 lam 0.00,0.00,0.00,0.00 (211s)
[shaped-b0.1_s2] upd 120/488 steps 245760 R     -5.3 prod   12.1 traf  507.5 evid    0.6 crit    0.0 lam 0.00,0.00,0.00,0.00 (324s)
[shaped-b10_s1] upd 420/488 steps 860160 R   -565.6 prod    0.0 traf    0.0 evid    0.0 crit    0.0 lam 0.00,0.00,0.00,0.00 (1236s)
[shaped-b0.3_s2] upd 100/488 steps 204800 R    -31.0 prod   12.6 traf   52.6 evid    6.7 crit    0.0 lam 0.00,0.00,0.00,0.00 (272s)
[shaped-b3_s2] upd 100/488 steps 204800 R  -1107.0 prod    0.1 traf    0.3 evid    0.0 crit    0.0 lam 0.00,0.00,0.00,0.00 (265s)
[shaped-b0.1_s2] upd 140/488 steps 286720 R    -10.3 prod   11.0 traf  314.3 evid    1.7 crit    0.0 lam 0.00,0.00,0.00,0.00 (379s)
[shaped-b10_s1] upd 440/488 steps 901120 R   -560.5 prod    0.0 traf    0.0 evid    0.0 crit    0.0 lam 0.00,0.00,0.00,0.00 (1295s)
